"","brood_year","TagCode","hatchery","species_name","run_name","stock","psc_region","avg_weight","avg_length","first_release_date","LastRelDate","Ad_CWT","Unclipped_CWT","total_cwt_rel","release_site","release_year"
"1",2006,"633979",NA,"Chinook","Fall","LEWIS R -NF  27.0168","LOCR",2.33,NA,2007-06-05,2007-06-05,51508,0,51508,"LEWIS R -NF  27.0168","2007"
"2",2004,"632989",NA,"Chinook","Fall","COWLITZ R    26.0002","LOCR",7.87,NA,2005-05-17,2005-06-14,2070,0,2070,"COWLITZ R -LOWER","2005"
"3",2005,"632987",NA,"Chinook","Fall","LEWIS R -NF  27.0168","LOCR",4.12,NA,2006-06-02,2006-07-10,51810,0,51810,"LEWIS R      27.0168","2006"
"4",2009,"635185",NA,"Chinook","Fall","LEWIS R -NF  27.0168","LOCR",3.08,NA,2010-06-21,2010-07-02,48760,0,48760,"LEWIS R -NF  27.0168","2010"
"5",2003,"632271",NA,"Chinook","Fall","LEWIS R -NF  27.0168","LOCR",1.51,NA,2004-06-02,2004-07-02,33497,0,33497,"LEWIS R -NF  27.0168","2004"
"6",2003,"632483",NA,"Chinook","Fall","LEWIS R -NF  27.0168","LOCR",4.53,NA,2004-06-02,2004-07-02,30596,0,30596,"LEWIS R -NF  27.0168","2004"
"7",2009,"634978",NA,"Chinook","Fall","COWLITZ R    26.0002","LOCR",4.53,NA,2010-05-13,2010-05-21,22030,0,22030,"COWLITZ R -LOWER","2010"
"8",2008,"634193",NA,"Chinook","Fall","COWLITZ R    26.0002","LOCR",3.02,NA,2009-04-09,2009-06-15,5701,0,5701,"COWLITZ R -LOWER","2009"
"9",2017,"637316",NA,"Chinook","Fall","LEWIS R      27.0168","LOCR",9.07,NA,2018-05-31,2018-06-07,53294,53,53347,"LEWIS R -NF  27.0168","2018"
"10",2007,"633792",NA,"Chinook","Fall","COWLITZ R    26.0002","LOCR",1.51,NA,2008-04-25,2008-06-08,10585,0,10585,"COWLITZ R -LOWER","2008"
"11",2015,"090596","KLASKANINE HATCHERY","Chinook","Fall","BIG CR HATCHERY","LOCR",5.78,NA,2016-05-02,2016-05-02,55009,0,55009,"KLASKANINE R N FK","2016"
"12",2010,"635186",NA,"Chinook","Fall","LEWIS R -NF  27.0168","LOCR",2.45,NA,2011-06-06,2011-06-17,27833,0,27833,"LEWIS R -NF  27.0168","2011"
"13",2010,"092050","BIG CR HATCHERY","Chinook","Fall","BIG CR HATCHERY","LOCR",6.92,NA,2011-04-15,2011-05-16,53783,0,53783,"KLASKANINE R N FK","2011"
"14",2003,"632275","FALLERT CR HATCHERY","Chinook","Fall","KALAMA R     27.0002","LOCR",6.57,74,2004-06-21,2004-06-21,85347,896,86243,"FALLERT CR   27.0017","2004"
"15",2017,"094524","KLASKANINE HATCHERY","Chinook","Fall","COLE RIVERS HATCHERY","LOCR",6.27,NA,2018-07-07,2018-07-08,100311,0,100311,"KLASKANINE R N FK","2018"
"16",2008,"090198","BONNEVILLE HATCHERY","Chinook","Fall","COLUMBIA R TULES","LOCR",4.12,NA,2009-05-15,2009-05-16,163683,0,163683,"TANNER CR (BNVILLE)","2009"
"17",2001,"631420",NA,"Chinook","Fall","LEWIS R      27.0168","LOCR",3.94,NA,2002-06-05,2002-07-03,50799,0,50799,"LEWIS R      27.0168","2002"
"18",2005,"632883","WASHOUGAL HATCHERY","Chinook","Fall","WASHOUGAL R  28.0159","LOCR",9.63,94,2006-06-16,2006-07-12,84095,2004,86099,"WASHOUGAL R  28.0159","2006"
"19",2002,"631878",NA,"Chinook","Fall","LEWIS R -NF  27.0168","LOCR",2.26,NA,2003-06-02,2003-07-01,49353,0,49353,"LEWIS R -NF  27.0168","2003"
"20",2004,"632984",NA,"Chinook","Fall","LEWIS R -NF  27.0168","LOCR",2.5,NA,2005-06-03,2005-07-05,44201,0,44201,"LEWIS R      27.0168","2005"
"21",2000,"630870",NA,"Chinook","Fall","LEWIS R -NF  27.0168","LOCR",1.64,NA,2001-06-05,2001-07-02,28893,0,28893,"LEWIS R -NF  27.0168","2001"
"22",2000,"630871",NA,"Chinook","Fall","LEWIS R -NF  27.0168","LOCR",2.26,NA,2001-06-05,2001-07-02,33864,0,33864,"LEWIS R -NF  27.0168","2001"
"23",2005,"633585",NA,"Chinook","Fall","COWLITZ R    26.0002","LOCR",1.81,NA,2006-04-20,2006-04-20,10584,0,10584,"COWLITZ R    26.0002","2006"
"24",2006,"633492",NA,"Chinook","Fall","LEWIS R -NF  27.0168","LOCR",1.74,NA,2007-06-28,2007-07-02,26122,0,26122,"LEWIS R -NF  27.0168","2007"
"25",2008,"634382",NA,"Chinook","Fall","LEWIS R -NF  27.0168","LOCR",2.32,NA,2009-06-12,2009-07-02,46475,0,46475,"LEWIS R -NF  27.0168","2009"
"26",2009,"634977",NA,"Chinook","Fall","COWLITZ R    26.0002","LOCR",4.53,NA,2010-05-18,2010-05-28,7768,7768,15536,"COWLITZ R -LOWER","2010"
"27",2013,"636622",NA,"Chinook","Fall","LEWIS R      27.0168","LOCR",3.02,NA,2014-06-05,2014-07-03,51944,0,51944,"LEWIS R      27.0168","2014"
"28",2018,"637491",NA,"Chinook","Fall","LEWIS R -NF  27.0168","LOCR",2.66,55,2019-06-04,2019-06-27,41593,101,41694,"LEWIS R -NF  27.0168","2019"
"29",2016,"637138",NA,"Chinook","Fall","LEWIS R      27.0168","LOCR",9.07,NA,2017-06-23,2017-06-30,30630,268,30898,"LEWIS R -NF  27.0168","2017"
"30",2019,"637688",NA,"Chinook","Fall","LEWIS R      27.0168","LOCR",2.26,50,2020-05-28,2020-06-10,53429,113,53542,"LEWIS R -NF  27.0168","2020"
"31",2011,"092213","KLASKANINE HATCHERY","Chinook","Fall","BIG CR HATCHERY","LOCR",5.86,NA,2012-05-01,2012-05-08,54565,164,54729,"KLASKANINE R N FK","2012"
"32",2007,"634186",NA,"Chinook","Fall","LEWIS R -NF  27.0168","LOCR",2.15,NA,2008-06-13,2008-07-15,54717,0,54717,"LEWIS R -NF  27.0168","2008"
"33",2017,"637228","BONNEVILLE HATCHERY","Chinook","Fall","TANNER CR (BNVILLE)","LOCR",5.82,NA,2018-06-04,2018-06-04,163037,0,163037,"TANNER CR (BNVILLE)","2018"
"34",2007,"634386","NORTH TOUTLE HATCHERY","Chinook","Fall","TOUTLE R     26.0227","LOCR",6.38,84,2008-07-21,2008-07-31,86345,886,87231,"GREEN R      26.0323","2008"
"35",2012,"636474","KALAMA FALLS HATCHERY","Chinook","Fall","KALAMA R     27.0002","LOCR",6.26,80,2013-06-05,2013-06-11,92778,519,93297,"KALAMA R     27.0002","2013"
"36",2001,"631408","NORTH TOUTLE HATCHERY","Chinook","Fall","TOUTLE R     26.0227","LOCR",6.38,81,2002-06-25,2002-06-30,41134,0,41134,"GREEN R      26.0323","2002"
"37",2004,"093948","CEDC NET PENS","Chinook","Fall","COLE RIVERS HATCHERY","LOCR",29.3,NA,2005-07-18,2005-07-18,24724,247,24971,"YOUNGS R & BAY","2005"
"38",2004,"632474","ELOCHOMAN HATCHERY","Chinook","Fall","ELOCHOMAN R  25.0236","LOCR",9.07,95,2005-06-07,2005-06-10,88776,0,88776,"ELOCHOMAN R  25.0236","2005"
"39",2011,"636093","COWLITZ SALMON HATCHERY","Chinook","Fall","COWLITZ R    26.0002","LOCR",6.12,80,2012-06-07,2012-06-23,199720,1246,200966,"COWLITZ R    26.0002","2012"
"40",2019,"637613","WASHOUGAL HATCHERY","Chinook","Fall","WASHOUGAL HATCHERY","LOCR",5.89,78,2020-06-17,2020-06-17,98423,1014,99437,"WASHOUGAL R  28.0159","2020"
"41",2001,"093525","NATURAL PRODUCTION TAGGIN","Chinook","Fall","BONNEVILLE LADDER","LOCR",NA,NA,2002-05-02,2002-07-02,3252,0,3252,"COLUMBIA R-2","2002"
"42",2018,"637411","BONNEVILLE HATCHERY","Chinook","Fall","TANNER CR (BNVILLE)","LOCR",6.01,NA,2019-06-12,2019-06-12,192246,0,192246,"TANNER CR (BNVILLE)","2019"
"43",2001,"093533","KLASKANINE HATCHERY","Chinook","Fall","COLE RIVERS HATCHERY","LOCR",12.33,NA,2002-08-01,2002-08-02,26560,48,26608,"KLASKANINE R N FK","2002"
"44",2019,"094702","BONNEVILLE HATCHERY","Chinook","Fall","TANNER CR (BNVILLE)","LOCR",20.92,NA,2020-10-01,2020-10-09,54643,0,54643,"TANNER CR (BNVILLE)","2020"
"45",2019,"091456","BIG CR HATCHERY","Chinook","Fall","BIG CR HATCHERY","LOCR",6.55,NA,2020-05-18,2020-05-18,26181,0,26181,"BIG CR (LWR COL R)","2020"
"46",2013,"090712","BIG CR HATCHERY","Chinook","Fall","BIG CR HATCHERY","LOCR",6.13,NA,2014-05-16,2014-05-16,210862,1560,212422,"BIG CR (LWR COL R)","2014"
"47",2000,"093261","CEDC NET PENS","Chinook","Fall","COLE RIVERS HATCHERY","LOCR",22.17,NA,2001-07-04,2001-07-04,24672,137,24809,"YOUNGS R & BAY","2001"
"48",2016,"637094","KALAMA FALLS HATCHERY","Chinook","Fall","KALAMA R     27.0002","LOCR",5.69,175,2017-06-26,2017-06-26,48147,1255,49402,"KALAMA R     27.0002","2017"
"49",2004,"632478","NORTH TOUTLE HATCHERY","Chinook","Fall","TOUTLE R     26.0227","LOCR",6.38,81,2005-07-01,2005-07-08,85135,0,85135,"GREEN R      26.0323","2005"
"50",2011,"090567","BIG CR HATCHERY","Chinook","Fall","BIG CR HATCHERY","LOCR",5.5,NA,2012-05-07,2012-05-07,222646,2323,224969,"BIG CR (LWR COL R)","2012"
"51",2002,"093751","BIG CR HATCHERY","Chinook","Fall","BIG CR HATCHERY","LOCR",5.77,NA,2003-05-01,2003-05-19,213910,2815,216725,"BIG CR (LWR COL R)","2003"
"52",2005,"094423","BIG CR HATCHERY","Chinook","Fall","BIG CR HATCHERY","LOCR",5.72,NA,2006-05-02,2006-05-12,230174,426,230600,"BIG CR (LWR COL R)","2006"
"53",2001,"093513","CEDC NET PENS","Chinook","Fall","COLE RIVERS HATCHERY","LOCR",16.39,NA,2002-07-02,2002-07-02,24551,51,24602,"YOUNGS R & BAY","2002"
"54",2003,"093955","CEDC NET PENS","Chinook","Fall","COLE RIVERS HATCHERY","LOCR",26.87,NA,2004-07-15,2004-07-15,25013,314,25327,"YOUNGS R & BAY","2004"
"55",2005,"094429","KLASKANINE S FK POND","Chinook","Fall","COLE RIVERS HATCHERY","LOCR",17.97,NA,2006-07-22,2006-07-22,50153,0,50153,"KLASKANINE R S FK","2006"
"56",2000,"093259","CEDC NET PENS","Chinook","Fall","COLE RIVERS HATCHERY","LOCR",16.89,NA,2001-07-04,2001-07-04,24081,385,24466,"YOUNGS R & BAY","2001"
"57",2015,"091006","KLASKANINE HATCHERY","Chinook","Fall","COLE RIVERS HATCHERY","LOCR",13.07,NA,2016-07-11,2016-07-12,25420,48,25468,"KLASKANINE R N FK","2016"
"58",2010,"090368","CEDC NET PENS","Chinook","Fall","COLE RIVERS HATCHERY","LOCR",22.37,NA,2011-06-28,2011-06-28,24721,41,24762,"YOUNGS R & BAY","2011"
"59",2002,"093809","CEDC NET PENS","Chinook","Fall","COLE RIVERS HATCHERY","LOCR",25.55,NA,2003-07-24,2003-07-24,23529,303,23832,"YOUNGS R & BAY","2003"
"60",2009,"090323","BIG CR HATCHERY","Chinook","Fall","BIG CR HATCHERY","LOCR",5.65,NA,2010-04-30,2010-05-13,225945,0,225945,"BIG CR (LWR COL R)","2010"
"61",2009,"094151","CEDC NET PENS","Chinook","Fall","COLE RIVERS HATCHERY","LOCR",27.16,NA,2010-07-08,2010-07-08,27017,97,27114,"YOUNGS R & BAY","2010"
"62",2015,"091009","BONNEVILLE HATCHERY","Chinook","Fall","TANNER CR (BNVILLE)","LOCR",5.82,NA,2016-04-15,2016-04-15,160298,0,160298,"TANNER CR (BNVILLE)","2016"
"63",2012,"636475","FALLERT CR HATCHERY","Chinook","Fall","KALAMA R     27.0002","LOCR",5.66,NA,2013-06-10,2013-06-10,93598,0,93598,"FALLERT CR   27.0017","2013"
"64",2019,"093629","KLASKANINE HATCHERY","Chinook","Fall","COLE RIVERS HATCHERY","LOCR",9.34,NA,2020-07-29,2020-07-31,99439,360,99799,"KLASKANINE R N FK","2020"
"65",2017,"637261","KALAMA FALLS HATCHERY","Chinook","Fall","KALAMA R HATCH  27.0002","LOCR",5.89,77,2018-06-26,2018-06-26,105080,571,105651,"KALAMA R     27.0002","2018"
"66",2019,"090714","KLASKANINE HATCHERY","Chinook","Fall","BIG CR HATCHERY","LOCR",6.02,NA,2020-05-08,2020-05-08,56420,0,56420,"KLASKANINE R N FK","2020"
"67",2019,"091458","BONNEVILLE HATCHERY","Chinook","Fall","TANNER CR (BNVILLE)","LOCR",5.82,NA,2020-04-15,2020-04-15,173129,0,173129,"TANNER CR (BNVILLE)","2020"
"68",2014,"094162","KLASKANINE HATCHERY","Chinook","Fall","COLE RIVERS HATCHERY","LOCR",10.08,NA,2015-06-26,2015-06-26,26887,0,26887,"KLASKANINE R N FK","2015"
"69",2003,"093521","NATURAL PRODUCTION TAGGIN","Chinook","Fall","BONNEVILLE LADDER","LOCR",1.34,NA,2004-05-26,2004-06-04,7896,0,7896,"COLUMBIA R-2","2004"
"70",2016,"091136","KLASKANINE HATCHERY","Chinook","Fall","COLE RIVERS HATCHERY","LOCR",5.85,NA,2017-06-23,2017-06-24,108056,0,108056,"KLASKANINE R N FK","2017"
"71",2004,"620227","KLASKANINE S FK POND","Chinook","Fall","COLE RIVERS HATCHERY","LOCR",14.41,NA,2005-07-14,2005-07-14,27530,292,27822,"KLASKANINE R S FK","2005"
"72",2002,"093523","NATURAL PRODUCTION TAGGIN","Chinook","Fall","BONNEVILLE LADDER","LOCR",1.71,NA,2003-06-03,2003-06-06,1172,0,1172,"COLUMBIA R-2","2003"
"73",2012,"090711","CEDC NET PENS","Chinook","Fall","COLE RIVERS HATCHERY","LOCR",28.14,NA,2013-07-01,2013-07-01,24360,829,25189,"YOUNGS R & BAY","2013"
"74",2010,"635588","WASHOUGAL HATCHERY","Chinook","Fall","WASHOUGAL R  28.0159","LOCR",6.03,81,2011-06-28,2011-06-30,94848,0,94848,"WASHOUGAL R  28.0159","2011"
"75",2006,"094526","BIG CR HATCHERY","Chinook","Fall","BIG CR HATCHERY","LOCR",5.91,NA,2007-05-01,2007-05-01,222476,1190,223666,"BIG CR (LWR COL R)","2007"
"76",2000,"093258","CEDC NET PENS","Chinook","Fall","COLE RIVERS HATCHERY","LOCR",16.76,NA,2001-07-04,2001-07-04,25070,193,25263,"YOUNGS R & BAY","2001"
"77",2004,"094154","NATURAL PRODUCTION TAGGIN","Chinook","Fall","BONNEVILLE LADDER","LOCR",NA,NA,2005-04-23,2005-05-06,10897,0,10897,"COLUMBIA R-2","2005"
"78",2012,"090367","KLASKANINE HATCHERY","Chinook","Fall","BIG CR HATCHERY","LOCR",5.85,NA,2013-04-29,2013-04-29,53037,0,53037,"KLASKANINE R N FK","2013"
"79",2018,"090569","BIG CR HATCHERY","Chinook","Fall","BIG CR HATCHERY","LOCR",5.88,NA,2019-05-20,2019-05-21,456811,0,456811,"BIG CR (LWR COL R)","2019"
"80",2017,"091008","KLASKANINE HATCHERY","Chinook","Fall","BIG CR HATCHERY","LOCR",5.69,NA,2018-05-14,2018-05-17,53180,0,53180,"KLASKANINE R N FK","2018"
"81",2001,"630881","ELOCHOMAN HATCHERY","Chinook","Fall","ELOCHOMAN R  25.0236","LOCR",6.57,85,2002-06-10,2002-06-25,91638,805,92443,"ELOCHOMAN R  25.0236","2002"
"82",2001,"093452","BIG CR HATCHERY","Chinook","Fall","BIG CR HATCHERY","LOCR",5.99,NA,2002-05-06,2002-05-20,217191,0,217191,"BIG CR (LWR COL R)","2002"
"83",2002,"631556","FALLERT CR HATCHERY","Chinook","Fall","KALAMA R     27.0002","LOCR",5.53,73,2003-06-18,2003-06-18,89952,634,90586,"FALLERT CR   27.0017","2003"
"84",2012,"636476","NORTH TOUTLE HATCHERY","Chinook","Fall","TOUTLE R     26.0227","LOCR",6.21,79,2013-06-25,2013-07-04,92168,1319,93487,"GREEN R      26.0323","2013"
"85",2016,"091157","BONNEVILLE HATCHERY","Chinook","Fall","TANNER CR (BNVILLE)","LOCR",17.01,NA,2017-09-05,2017-09-05,25887,0,25887,"TANNER CR (BNVILLE)","2017"
"86",2004,"070546","KLASKANINE HATCHERY","Chinook","Fall","COLE RIVERS HATCHERY","LOCR",14.36,NA,2005-08-05,2005-08-05,28860,152,29012,"KLASKANINE R N FK","2005"
"87",2007,"634372","KALAMA FALLS HATCHERY","Chinook","Fall","KALAMA R     27.0002","LOCR",5.66,78,2008-06-25,2008-07-07,80785,0,80785,"KALAMA R     27.0002","2008"
"88",2007,"094646","BIG CR HATCHERY","Chinook","Fall","BIG CR HATCHERY","LOCR",5.9,NA,2008-05-14,2008-05-19,227193,1213,228406,"BIG CR (LWR COL R)","2008"
"89",2013,"055430","BONNEVILLE HATCHERY","Chinook","Fall","COLUMBIA R TULES","LOCR",5.95,NA,2014-05-16,2014-05-16,105582,0,105582,"TANNER CR (BNVILLE)","2014"
"90",2009,"635195","NORTH TOUTLE HATCHERY","Chinook","Fall","TOUTLE R     26.0227","LOCR",6.21,79,2010-07-02,2010-07-11,85792,572,86364,"GREEN R      26.0323","2010"
"91",2013,"090715","KLASKANINE HATCHERY","Chinook","Fall","BIG CR HATCHERY","LOCR",5.74,NA,2014-04-26,2014-04-26,53629,0,53629,"KLASKANINE R N FK","2014"
"92",2003,"093954","CEDC NET PENS","Chinook","Fall","COLE RIVERS HATCHERY","LOCR",28.78,NA,2004-07-15,2004-07-15,24741,300,25041,"YOUNGS R & BAY","2004"
"93",2013,"636638","NORTH TOUTLE HATCHERY","Chinook","Fall","TOUTLE R     26.0227","LOCR",5.66,78,2014-07-01,2014-07-11,99416,580,99996,"GREEN R      26.0323","2014"
"94",2000,"093250","BIG CR HATCHERY","Chinook","Fall","BIG CR HATCHERY","LOCR",5.77,NA,2001-05-05,2001-05-31,224267,828,225095,"BIG CR (LWR COL R)","2001"
"95",2000,"093313","KLASKANINE HATCHERY","Chinook","Fall","COLE RIVERS HATCHERY","LOCR",26.05,NA,2001-09-20,2001-09-20,27000,0,27000,"KLASKANINE R N FK","2001"
"96",2013,"090864","BONNEVILLE HATCHERY","Chinook","Fall","COLUMBIA R TULES","LOCR",5.28,NA,2014-05-16,2014-05-16,164113,0,164113,"TANNER CR (BNVILLE)","2014"
"97",2016,"637097","FALLERT CR HATCHERY","Chinook","Fall","KALAMA R     27.0002","LOCR",5.66,76,2017-06-22,2017-06-22,51551,0,51551,"FALLERT CR   27.0017","2017"
"98",2009,"635196","KALAMA FALLS HATCHERY","Chinook","Fall","KALAMA R     27.0002","LOCR",5.11,77,2010-07-20,2010-07-20,89286,1184,90470,"KALAMA R     27.0002","2010"
"99",2000,"093260","CEDC NET PENS","Chinook","Fall","COLE RIVERS HATCHERY","LOCR",20.17,NA,2001-07-04,2001-07-04,24743,179,24922,"YOUNGS R & BAY","2001"
"100",2019,"091498","KLASKANINE HATCHERY","Chinook","Fall","COLE RIVERS HATCHERY","LOCR",9.34,NA,2020-07-29,2020-07-31,42131,152,42283,"KLASKANINE R N FK","2020"
"101",2001,"093532","KLASKANINE HATCHERY","Chinook","Fall","COLE RIVERS HATCHERY","LOCR",19.53,NA,2002-08-22,2002-08-22,21587,0,21587,"KLASKANINE R N FK","2002"
"102",2011,"636190",NA,"Chinook","Fall","LEWIS R -NF  27.0168","LOCR",2.83,NA,2012-06-07,2012-07-05,46868,0,46868,"LEWIS R -NF  27.0168","2012"
"103",2012,"090710","KLASKANINE HATCHERY","Chinook","Fall","COLE RIVERS HATCHERY","LOCR",13.54,NA,2013-07-16,2013-07-16,31465,187,31652,"KLASKANINE R N FK","2013"
"104",2001,"093511","CEDC NET PENS","Chinook","Fall","COLE RIVERS HATCHERY","LOCR",19.33,NA,2002-07-02,2002-07-02,24086,139,24225,"YOUNGS R & BAY","2002"
"105",2002,"093817","BIG CR HATCHERY","Chinook","Fall","COLE RIVERS HATCHERY","LOCR",10.38,NA,2003-07-19,2003-07-19,26888,50,26938,"KLASKANINE R N FK","2003"
"106",2017,"091186","BIG CR HATCHERY","Chinook","Fall","BIG CR HATCHERY","LOCR",5.87,NA,2018-05-15,2018-05-16,462393,0,462393,"BIG CR (LWR COL R)","2018"
"107",2002,"093818","BIG CR HATCHERY","Chinook","Fall","COLE RIVERS HATCHERY","LOCR",25.18,NA,2003-08-22,2003-09-03,27298,50,27348,"KLASKANINE R N FK","2003"
"108",2016,"637154","NORTH TOUTLE HATCHERY","Chinook","Fall","TOUTLE R     26.0227","LOCR",5.69,77,2017-06-12,2017-06-23,101605,163,101768,"GREEN R      26.0323","2017"
"109",2011,"090566","BIG CR HATCHERY","Chinook","Fall","BIG CR HATCHERY","LOCR",5.5,NA,2012-05-07,2012-05-07,224514,2005,226519,"BIG CR (LWR COL R)","2012"
"110",2019,"637617","FALLERT CR HATCHERY","Chinook","Fall","KALAMA R HATCH  27.0002","LOCR",6.04,79,2020-06-09,2020-06-09,99235,1336,100571,"FALLERT CR   27.0017","2020"
"111",2017,"091226","BONNEVILLE HATCHERY","Chinook","Fall","TANNER CR (BNVILLE)","LOCR",22.7,NA,2018-10-02,2018-10-02,50103,0,50103,"TANNER CR (BNVILLE)","2018"
"112",2010,"090437","BIG CR HATCHERY","Chinook","Fall","BIG CR HATCHERY","LOCR",5.65,NA,2011-05-16,2011-05-17,229462,0,229462,"BIG CR (LWR COL R)","2011"
"113",2016,"091012","BIG CR HATCHERY","Chinook","Fall","BIG CR HATCHERY","LOCR",5.84,NA,2017-05-19,2017-05-20,452517,0,452517,"BIG CR (LWR COL R)","2017"
"114",2012,"636465",NA,"Chinook","Fall","LEWIS R -NF  27.0168","LOCR",2.45,NA,2013-07-07,2013-07-28,34087,0,34087,"LEWIS R -NF  27.0168","2013"
"115",2011,"090584","CEDC NET PENS","Chinook","Fall","COLE RIVERS HATCHERY","LOCR",21.42,NA,2012-06-29,2012-06-29,31099,113,31212,"YOUNGS R & BAY","2012"
"116",2019,"637418","BONNEVILLE HATCHERY","Chinook","Fall","TANNER CR (BNVILLE)","LOCR",6.09,NA,2020-06-17,2020-06-17,199645,0,199645,"TANNER CR (BNVILLE)","2020"
"117",2001,"093512","CEDC NET PENS","Chinook","Fall","COLE RIVERS HATCHERY","LOCR",19.39,NA,2002-07-02,2002-07-02,24853,0,24853,"YOUNGS R & BAY","2002"
"118",2011,"090571","BONNEVILLE HATCHERY","Chinook","Fall","COLUMBIA R TULES","LOCR",4.54,NA,2012-05-18,2012-05-18,171083,0,171083,"TANNER CR (BNVILLE)","2012"
"119",2010,"090486","BONNEVILLE HATCHERY","Chinook","Fall","COLUMBIA R TULES","LOCR",5.65,NA,2011-05-25,2011-05-25,170842,0,170842,"TANNER CR (BNVILLE)","2011"
"120",2007,"090142","KLASKANINE S FK POND","Chinook","Fall","COLE RIVERS HATCHERY","LOCR",14.33,NA,2008-07-21,2008-07-27,29903,116,30019,"KLASKANINE R S FK","2008"
"121",2001,"631418",NA,"Chinook","Fall","LEWIS R      27.0168","LOCR",1.51,NA,2002-06-05,2002-07-03,48136,0,48136,"LEWIS R      27.0168","2002"
"122",2004,"632990",NA,"Chinook","Fall","LEWIS R -NF  27.0168","LOCR",1.51,NA,2005-06-10,2005-07-05,27363,0,27363,"LEWIS R      27.0168","2005"
"123",2015,"636910",NA,"Chinook","Fall","LEWIS R -NF  27.0168","LOCR",2.38,NA,2016-06-10,2016-06-30,37070,0,37070,"LEWIS R -NF  27.0168","2016"
"124",2018,"090597","KLASKANINE HATCHERY","Chinook","Fall","BIG CR HATCHERY","LOCR",5.57,NA,2019-05-15,2019-05-18,54084,0,54084,"KLASKANINE R N FK","2019"
"125",2018,"091284","KLASKANINE HATCHERY","Chinook","Fall","COLE RIVERS HATCHERY","LOCR",7.29,NA,2019-07-16,2019-08-21,36521,0,36521,"KLASKANINE R N FK","2019"
"126",2006,"633789",NA,"Chinook","Fall","COWLITZ R    26.0002","LOCR",8.72,NA,2007-05-01,2007-06-06,8150,0,8150,"COWLITZ R    26.0002","2007"
"127",2011,"090595","KLASKANINE S FK POND","Chinook","Fall","COLE RIVERS HATCHERY","LOCR",13.26,NA,2012-07-07,2012-07-10,31299,0,31299,"KLASKANINE R S FK","2012"
"128",2000,"093251","N BONNEVILLE LADDER","Chinook","Fall","BONNEVILLE LADDER","LOCR",2.02,NA,2001-05-02,2001-06-08,9923,0,9923,"COLUMBIA R-2","2001"
"129",2001,"631406","KALAMA FALLS HATCHERY","Chinook","Fall","KALAMA R     27.0002","LOCR",6.38,81,2002-06-18,2002-06-21,89776,171,89947,"KALAMA R     27.0002","2002"
"130",2014,"090948","BONNEVILLE HATCHERY","Chinook","Fall","TANNER CR (BNVILLE)","LOCR",44.91,NA,2016-02-26,2016-02-26,26210,0,26210,"TANNER CR (BNVILLE)","2016"
"131",2005,"094329","CEDC NET PENS","Chinook","Fall","COLE RIVERS HATCHERY","LOCR",29.74,NA,2006-07-06,2006-07-06,24942,0,24942,"YOUNGS R & BAY","2006"
"132",2004,"092101","BIG CR HATCHERY","Chinook","Fall","COLE RIVERS HATCHERY","LOCR",23.72,NA,2005-08-20,2005-08-27,29321,99,29420,"KLASKANINE R N FK","2005"
"133",2005,"633287","COWLITZ SALMON HATCHERY","Chinook","Fall","COWLITZ R    26.0002","LOCR",8.09,88,2006-06-19,2006-07-10,178376,0,178376,"COWLITZ R    26.0002","2006"
"134",2004,"632475","WASHOUGAL HATCHERY","Chinook","Fall","WASHOUGAL R  28.0159","LOCR",9.33,95,2005-06-10,2005-07-06,100265,0,100265,"WASHOUGAL R  28.0159","2005"
"135",2000,"630877","WASHOUGAL HATCHERY","Chinook","Fall","WASHOUGAL R  28.0159","LOCR",10.3,96,2001-06-06,2001-07-03,92798,476,93274,"WASHOUGAL R  28.0159","2001"
"136",2003,"631567","WASHOUGAL HATCHERY","Chinook","Fall","WASHOUGAL R  28.0159","LOCR",9.58,95,2004-06-10,2004-07-07,45219,0,45219,"WASHOUGAL R  28.0159","2004"
"137",2007,"634369","WASHOUGAL HATCHERY","Chinook","Fall","WASHOUGAL R  28.0159","LOCR",6.97,84,2008-07-01,2008-07-05,96695,977,97672,"WASHOUGAL R  28.0159","2008"
"138",2015,"636969","COWLITZ SALMON HATCHERY","Chinook","Fall","COWLITZ R    26.0002","LOCR",5.89,78,2016-06-15,2016-06-27,1093023,0,1093023,"COWLITZ R    26.0002","2016"
"139",2008,"634772","DEEP R NET PENS","Chinook","Fall","ELOCHOMAN R  25.0236","LOCR",5.81,NA,2009-06-01,2009-06-01,54670,110,54780,"DEEP R       25.0071","2009"
"140",2002,"631554","KALAMA FALLS HATCHERY","Chinook","Fall","KALAMA R     27.0002","LOCR",6.21,82,2003-06-09,2003-06-24,82761,0,82761,"KALAMA R     27.0002","2003"
"141",2010,"635694","COWLITZ SALMON HATCHERY","Chinook","Fall","COWLITZ R    26.0002","LOCR",6.13,80,2011-06-01,2011-06-24,203512,124,203636,"COWLITZ R    26.0002","2011"
"142",2013,"636657","COWLITZ SALMON HATCHERY","Chinook","Fall","COWLITZ R    26.0002","LOCR",5.68,79,2014-06-13,2014-06-15,219651,1113,220764,"COWLITZ R    26.0002","2014"
"143",2014,"636797","DEEP R NET PENS","Chinook","Fall","WASHOUGAL R  28.0159","LOCR",5.33,85,2015-05-28,2015-05-28,104790,0,104790,"DEEP R       25.0071","2015"
"144",2014,"636801","KALAMA FALLS HATCHERY","Chinook","Fall","KALAMA R     27.0002","LOCR",5.39,78,2015-06-08,2015-06-08,98140,1112,99252,"KALAMA R     27.0002","2015"
"145",2014,"636821","COWLITZ SALMON HATCHERY","Chinook","Fall","COWLITZ R    26.0002","LOCR",5.75,78,2015-05-27,2015-05-27,207606,1022,208628,"COWLITZ R    26.0002","2015"
"146",2016,"637189","COWLITZ SALMON HATCHERY","Chinook","Fall","COWLITZ R    26.0002","LOCR",5.85,78,2017-06-20,2017-06-25,992229,3385,995614,"COWLITZ R    26.0002","2017"
"147",2018,"637449","NORTH TOUTLE HATCHERY","Chinook","Fall","TOUTLE R     26.0227","LOCR",5.66,78,2019-06-15,2019-06-21,97641,907,98548,"GREEN R      26.0323","2019"
"148",2002,"631544","WASHOUGAL HATCHERY","Chinook","Fall","WASHOUGAL R  28.0159","LOCR",9.07,91,2003-06-04,2003-07-08,50782,0,50782,"WASHOUGAL R  28.0159","2003"
"149",2017,"637344","WASHOUGAL HATCHERY","Chinook","Fall","WASHOUGAL HATCHERY","LOCR",5.81,77,2018-06-18,2018-06-21,103313,124,103437,"WASHOUGAL R  28.0159","2018"
"150",2016,"637096","WASHOUGAL HATCHERY","Chinook","Fall","WASHOUGAL R  28.0159","LOCR",5.59,78,2017-06-27,2017-06-27,50707,122,50829,"WASHOUGAL R  28.0159","2017"
"151",2019,"637629","NORTH TOUTLE HATCHERY","Chinook","Fall","TOUTLE R     26.0227","LOCR",5.81,74,2020-06-28,2020-07-04,95040,1291,96331,"GREEN R      26.0323","2020"
"152",2001,"631415","WASHOUGAL HATCHERY","Chinook","Fall","WASHOUGAL R  28.0159","LOCR",6.97,86,2002-06-13,2002-07-03,46429,0,46429,"WASHOUGAL R  28.0159","2002"
"153",2001,"165809","SEA RESOURCES HATCH","Chinook","Fall","CHINOOK R    24.0800","LOCR",4.93,NA,2002-06-03,2002-06-03,4117,0,4117,"CHINOOK R    24.0800","2002"
"154",2018,"637606","COWLITZ SALMON HATCHERY","Chinook","Fall","COWLITZ SAL HATCHERY","LOCR",5.98,81,2019-06-03,2019-06-21,656076,3297,659373,"COWLITZ R    26.0002","2019"
"155",2007,"634370","ELOCHOMAN HATCHERY","Chinook","Fall","ELOCHOMAN R  25.0236","LOCR",5.84,83,2008-06-06,2008-06-09,90474,461,90935,"ELOCHOMAN R  25.0236","2008"
"156",2004,"632476","FALLERT CR HATCHERY","Chinook","Fall","KALAMA R     27.0002","LOCR",5.74,80,2005-06-27,2005-06-27,85942,0,85942,"FALLERT CR   27.0017","2005"
"157",2007,"634280","COWLITZ SALMON HATCHERY","Chinook","Fall","COWLITZ R    26.0002","LOCR",7.28,86,2008-06-18,2008-07-08,202953,0,202953,"COWLITZ R    26.0002","2008"
"158",2011,"636195","WASHOUGAL HATCHERY","Chinook","Fall","WASHOUGAL R  28.0159","LOCR",5.72,84,2012-06-27,2012-06-27,95186,191,95377,"WASHOUGAL R  28.0159","2012"
"159",2002,"631410","ELOCHOMAN HATCHERY","Chinook","Fall","ELOCHOMAN R  25.0236","LOCR",6.29,80,2003-06-01,2003-06-15,87849,986,88835,"ELOCHOMAN R  25.0236","2003"
"160",2015,"636926","WASHOUGAL HATCHERY","Chinook","Fall","WASHOUGAL R  28.0159","LOCR",5.53,78,2016-06-22,2016-06-22,83465,699,84164,"WASHOUGAL R  28.0159","2016"
"161",2000,"630624","SEA RESOURCES HATCH","Chinook","Fall","CHINOOK R    24.0800","LOCR",3.78,NA,2001-06-11,2001-06-11,7075,0,7075,"CHINOOK R    24.0800","2001"
"162",2017,"637242","COWLITZ SALMON HATCHERY","Chinook","Fall","COWLITZ R    26.0002","LOCR",6.23,80,2018-06-01,2018-06-24,219316,276,219592,"COWLITZ R    26.0002","2018"
"163",2001,"631417","WASHOUGAL HATCHERY","Chinook","Fall","WASHOUGAL R  28.0159","LOCR",6.97,86,2002-06-13,2002-07-03,51288,440,51728,"WASHOUGAL R  28.0159","2002"
"164",2006,"633976","WASHOUGAL HATCHERY","Chinook","Fall","WASHOUGAL R  28.0159","LOCR",6.78,88,2007-06-18,2007-06-25,89092,2661,91753,"WASHOUGAL R  28.0159","2007"
"165",2008,"634385","WASHOUGAL HATCHERY","Chinook","Fall","WASHOUGAL R  28.0159","LOCR",5.89,78,2009-06-16,2009-06-16,89017,541,89558,"WASHOUGAL R  28.0159","2009"
"166",2011,"636264","KALAMA FALLS HATCHERY","Chinook","Fall","KALAMA R     27.0002","LOCR",6.07,79,2012-07-11,2012-07-11,61590,553,62143,"KALAMA R     27.0002","2012"
"167",2006,"633877","COWLITZ SALMON HATCHERY","Chinook","Fall","COWLITZ R    26.0002","LOCR",8.57,90,2007-06-19,2007-06-27,201746,368,202114,"COWLITZ R    26.0002","2007"
"168",2004,"633075","COWLITZ SALMON HATCHERY","Chinook","Fall","COWLITZ R    26.0002","LOCR",7.88,87,2005-06-15,2005-06-15,193228,1506,194734,"COWLITZ R    26.0002","2005"
"169",2010,"635597","FALLERT CR HATCHERY","Chinook","Fall","KALAMA R     27.0002","LOCR",5.81,NA,2011-07-04,2011-07-04,93934,227,94161,"FALLERT CR   27.0017","2011"
"170",2010,"635594","KALAMA FALLS HATCHERY","Chinook","Fall","KALAMA R     27.0002","LOCR",5.62,77,2011-06-30,2011-06-30,89745,1224,90969,"KALAMA R     27.0002","2011"
"171",2011,"636265","NORTH TOUTLE HATCHERY","Chinook","Fall","TOUTLE R     26.0227","LOCR",6.04,79,2012-07-12,2012-07-15,94248,707,94955,"GREEN R      26.0323","2012"
"172",2012,"636472","WASHOUGAL HATCHERY","Chinook","Fall","WASHOUGAL R  28.0159","LOCR",5.65,77,2013-06-11,2013-06-11,91503,368,91871,"WASHOUGAL R  28.0159","2013"
"173",2015,"636787","DEEP R NET PENS","Chinook","Fall","WASHOUGAL R  28.0159","LOCR",5.55,77,2016-06-06,2016-06-06,79840,0,79840,"DEEP R       25.0071","2016"
"174",2018,"637441","WASHOUGAL HATCHERY","Chinook","Fall","WASHOUGAL HATCHERY","LOCR",5.39,76,2019-06-20,2019-06-20,103331,938,104269,"WASHOUGAL R  28.0159","2019"
"175",2016,"637093","KALAMA FALLS HATCHERY","Chinook","Fall","KALAMA R     27.0002","LOCR",5.69,176,2017-06-26,2017-06-26,49787,1298,51085,"KALAMA R     27.0002","2017"
"176",2013,"636668","COWLITZ SALMON HATCHERY","Chinook","Fall","COWLITZ R    26.0002","LOCR",5.68,79,2014-06-13,2014-06-23,218229,1102,219331,"COWLITZ R    26.0002","2014"
"177",2019,"637779","COWLITZ SALMON HATCHERY","Chinook","Fall","COWLITZ SAL HATCHERY","LOCR",5.64,78,2020-06-03,2020-07-08,103583,186,103769,"COWLITZ R    26.0002","2020"
"178",2014,"636799","FALLERT CR HATCHERY","Chinook","Fall","KALAMA R     27.0002","LOCR",5.66,75,2015-06-11,2015-06-11,100592,0,100592,"FALLERT CR   27.0017","2015"
"179",2016,"637153","MAYFIELD NET PEN","Chinook","Fall","COWLITZ R    26.0002","LOCR",5.66,79,2017-06-13,2017-06-23,101104,253,101357,"COWLITZ R    26.0002","2017"
"180",2018,"637440","KALAMA FALLS HATCHERY","Chinook","Fall","KALAMA R HATCH  27.0002","LOCR",5.84,80,2019-07-02,2019-07-02,100389,819,101208,"KALAMA R     27.0002","2019"
"181",2000,"630270","LYONS FERRY HATCHERY","Chinook","Fall","SNAKE R-LOWR 33.0002","LOCR",9.92,95,2001-06-01,2001-06-01,188157,10279,198436,"COL R @ RM 141","2001"
"182",2019,"637769","COWLITZ SALMON HATCHERY","Chinook","Fall","COWLITZ SAL HATCHERY","LOCR",5.64,78,2020-06-03,2020-07-08,20963,38,21001,"COWLITZ R    26.0002","2020"
"183",2000,"630621","SEA RESOURCES HATCH","Chinook","Fall","CHINOOK R    24.0800","LOCR",3.77,NA,2001-06-11,2001-06-11,6685,0,6685,"CHINOOK R    24.0800","2001"
"184",2013,"636473","DEEP R NET PENS","Chinook","Fall","WASHOUGAL R  28.0159","LOCR",5.27,85,2014-06-10,2014-06-10,92805,0,92805,"DEEP R       25.0071","2014"
"185",2014,"636793","MAYFIELD NET PEN","Chinook","Fall","COWLITZ R    26.0002","LOCR",5.28,84,2015-05-11,2015-06-05,100013,492,100505,"COWLITZ R    26.0002","2015"
"186",2015,"636923","KALAMA FALLS HATCHERY","Chinook","Fall","KALAMA R     27.0002","LOCR",5.81,81,2016-06-01,2016-06-01,103093,623,103716,"KALAMA R     27.0002","2016"
"187",2001,"631407","FALLERT CR HATCHERY","Chinook","Fall","KALAMA R     27.0002","LOCR",6.12,79,2002-06-24,2002-06-24,89919,0,89919,"FALLERT CR   27.0017","2002"
"188",2008,"634774","FALLERT CR HATCHERY","Chinook","Fall","KALAMA R     27.0002","LOCR",5.74,NA,2009-07-04,2009-07-04,90052,473,90525,"FALLERT CR   27.0017","2009"
"189",2003,"631996","WASHOUGAL HATCHERY","Chinook","Fall","WASHOUGAL R  28.0159","LOCR",9.58,95,2004-06-10,2004-07-07,45884,0,45884,"WASHOUGAL R  28.0159","2004"
"190",2017,"637341","MAYFIELD NET PEN","Chinook","Fall","COWLITZ R    26.0002","LOCR",5.59,84,2018-06-04,2018-06-11,100804,0,100804,"COWLITZ R    26.0002","2018"
"191",2018,"637527","COWLITZ SALMON HATCHERY","Chinook","Fall","COWLITZ SAL HATCHERY","LOCR",5.7,81,2019-06-03,2019-06-06,453657,2279,455936,"COWLITZ R    26.0002","2019"
"192",2016,"637155","DEEP R NET PENS","Chinook","Fall","WASHOUGAL HATCHERY","LOCR",5.88,80,2017-06-22,2017-06-22,96867,565,97432,"DEEP R       25.0071","2017"
"193",2013,"636270","MAYFIELD NET PEN","Chinook","Fall","COWLITZ R    26.0002","LOCR",5.66,77,2014-06-29,2014-07-02,102081,519,102600,"COWLITZ R    26.0002","2014"
"194",2010,"635592","DEEP R NET PENS","Chinook","Fall","WASHOUGAL R  28.0159","LOCR",5.53,79,2011-06-28,2011-06-28,88095,168,88263,"DEEP R       25.0071","2011"
"195",2012,"636471","DEEP R NET PENS","Chinook","Fall","WASHOUGAL R  28.0159","LOCR",5.9,80,2013-06-13,2013-06-13,87642,297,87939,"DEEP R       25.0071","2013"
"196",2014,"636756",NA,"Chinook","Fall","LEWIS R -NF  27.0168","LOCR",2.38,NA,2015-05-29,2015-06-24,15839,0,15839,"LEWIS R -NF  27.0168","2015"
"197",2009,"635194","FALLERT CR HATCHERY","Chinook","Fall","KALAMA R     27.0002","LOCR",5.66,NA,2010-06-14,2010-07-02,88760,0,88760,"FALLERT CR   27.0017","2010"
"198",2014,"636838","COWLITZ SALMON HATCHERY","Chinook","Fall","COWLITZ R    26.0002","LOCR",5.96,79,2015-05-27,2015-06-05,886036,4363,890399,"COWLITZ R    26.0002","2015"
"199",2009,"635286","COWLITZ SALMON HATCHERY","Chinook","Fall","COWLITZ R    26.0002","LOCR",7.14,85,2010-06-10,2010-06-28,196409,1096,197505,"COWLITZ R    26.0002","2010"
"200",2002,"631869","NORTH TOUTLE HATCHERY","Chinook","Fall","TOUTLE R     26.0227","LOCR",6.57,82,2003-06-25,2003-07-06,87067,0,87067,"GREEN R      26.0323","2003"
"201",2007,"633791",NA,"Chinook","Fall","COWLITZ R    26.0002","LOCR",1.51,NA,2008-04-25,2008-06-08,10585,0,10585,"COWLITZ R -LOWER","2008"
"202",2010,"635897",NA,"Chinook","Fall","LEWIS R -NF  27.0168","LOCR",2.45,NA,2011-06-22,2011-07-01,56316,0,56316,"LEWIS R -NF  27.0168","2011"
"203",2003,"632276","NORTH TOUTLE HATCHERY","Chinook","Fall","TOUTLE R     26.0227","LOCR",7.31,92,2004-07-08,2004-07-30,88906,0,88906,"GREEN R      26.0323","2004"
"204",2005,"632882","ELOCHOMAN HATCHERY","Chinook","Fall","ELOCHOMAN R  25.0236","LOCR",7.19,83,2006-06-05,2006-06-15,87294,2243,89537,"ELOCHOMAN R  25.0236","2006"
"205",2006,"633479","ELOCHOMAN HATCHERY","Chinook","Fall","ELOCHOMAN R  25.0236","LOCR",6.67,84,2007-06-07,2007-06-13,84521,1989,86510,"ELOCHOMAN R  25.0236","2007"
"206",2006,"633978","FALLERT CR HATCHERY","Chinook","Fall","KALAMA R     27.0002","LOCR",4.72,72,2007-07-02,2007-07-02,85712,1951,87663,"FALLERT CR   27.0017","2007"
"207",2009,"635193","WASHOUGAL HATCHERY","Chinook","Fall","WASHOUGAL R  28.0159","LOCR",4.62,72,2010-05-28,2010-05-28,90162,701,90863,"WASHOUGAL R  28.0159","2010"
"208",2003,"631872","ELOCHOMAN HATCHERY","Chinook","Fall","ELOCHOMAN R  25.0236","LOCR",6.97,86,2004-05-05,2004-05-31,86501,592,87093,"ELOCHOMAN R  25.0236","2004"
"209",2007,"634371","FALLERT CR HATCHERY","Chinook","Fall","KALAMA R     27.0002","LOCR",5.66,81,2008-07-06,2008-07-06,90250,0,90250,"FALLERT CR   27.0017","2008"
"210",2001,"631379","COWLITZ SALMON HATCHERY","Chinook","Fall","COWLITZ R    26.0002","LOCR",7,83,2002-06-05,2002-06-27,209732,0,209732,"COWLITZ R    26.0002","2002"
"211",2009,"635198","DEEP R NET PENS","Chinook","Fall","WASHOUGAL R  28.0159","LOCR",5.72,79,2010-06-24,2010-06-24,83035,0,83035,"DEEP R       25.0071","2010"
"212",2017,"637383","COWLITZ SALMON HATCHERY","Chinook","Fall","COWLITZ R    26.0002","LOCR",6.06,80,2018-06-01,2018-06-08,611956,859,612815,"COWLITZ R    26.0002","2018"
"213",2003,"632573","COWLITZ SALMON HATCHERY","Chinook","Fall","COWLITZ R    26.0002","LOCR",7.39,85,2004-06-06,2004-06-14,196682,1867,198549,"COWLITZ R    26.0002","2004"
"214",2010,"635595","NORTH TOUTLE HATCHERY","Chinook","Fall","TOUTLE R     26.0227","LOCR",6.23,82,2011-06-28,2011-07-06,87551,1314,88865,"GREEN R      26.0323","2011"
"215",2000,"631252","SEA RESOURCES HATCH","Chinook","Fall","CHINOOK R    24.0800","LOCR",3.78,NA,2001-06-11,2001-06-11,21612,0,21612,"CHINOOK R    24.0800","2001"
"216",2015,"636788","FALLERT CR HATCHERY","Chinook","Fall","KALAMA R     27.0002","LOCR",6.66,73,2016-06-07,2016-06-30,94065,3262,97327,"FALLERT CR   27.0017","2016"
"217",2011,"636199","FALLERT CR HATCHERY","Chinook","Fall","KALAMA R     27.0002","LOCR",6.04,NA,2012-06-23,2012-07-02,95783,617,96400,"FALLERT CR   27.0017","2012"
"218",2012,"636490","COWLITZ SALMON HATCHERY","Chinook","Fall","COWLITZ R    26.0002","LOCR",5.68,79,2013-06-10,2013-06-13,200131,0,200131,"COWLITZ R    26.0002","2013"
"219",2000,"630279","KALAMA FALLS HATCHERY","Chinook","Fall","KALAMA R     27.0002","LOCR",6.47,81,2001-06-14,2001-06-28,92800,10,92810,"KALAMA R     27.0002","2001"
"220",2000,"630280","FALLERT CR HATCHERY","Chinook","Fall","KALAMA R     27.0002","LOCR",6.12,79,2001-06-25,2001-07-03,94418,2421,96839,"FALLERT CR   27.0017","2001"
"221",2013,"636656","COWLITZ SALMON HATCHERY","Chinook","Fall","COWLITZ R    26.0002","LOCR",5.67,79,2014-06-13,2014-06-15,218770,1101,219871,"COWLITZ R    26.0002","2014"
"222",2013,"636658","COWLITZ SALMON HATCHERY","Chinook","Fall","COWLITZ R    26.0002","LOCR",5.68,79,2014-06-13,2014-06-15,214568,1090,215658,"COWLITZ R    26.0002","2014"
"223",2013,"636639","KALAMA FALLS HATCHERY","Chinook","Fall","KALAMA R     27.0002","LOCR",5.33,75,2014-06-23,2014-06-23,99000,192,99192,"KALAMA R     27.0002","2014"
"224",2013,"636646","WASHOUGAL HATCHERY","Chinook","Fall","WASHOUGAL R  28.0159","LOCR",5.59,NA,2014-06-24,2014-06-24,102835,175,103010,"WASHOUGAL R  28.0159","2014"
"225",2014,"636795","WASHOUGAL HATCHERY","Chinook","Fall","WASHOUGAL R  28.0159","LOCR",5.59,79,2015-06-05,2015-06-05,101420,407,101827,"WASHOUGAL R  28.0159","2015"
"226",2018,"637452","FALLERT CR HATCHERY","Chinook","Fall","KALAMA R HATCH  27.0002","LOCR",5.66,79,2019-06-17,2019-06-24,97244,587,97831,"FALLERT CR   27.0017","2019"
"227",2017,"637403","COWLITZ SALMON HATCHERY","Chinook","Fall","COWLITZ R    26.0002","LOCR",6.06,80,2018-06-01,2018-06-08,565213,793,566006,"COWLITZ R    26.0002","2018"
"228",2013,"636637","FALLERT CR HATCHERY","Chinook","Fall","KALAMA R     27.0002","LOCR",5.66,NA,2014-06-14,2014-06-14,101153,0,101153,"FALLERT CR   27.0017","2014"
"229",2005,"633484",NA,"Chinook","Fall","COWLITZ R    26.0002","LOCR",1.81,NA,2006-04-20,2006-04-20,8396,0,8396,"COWLITZ R -LOWER","2006"
"230",2010,"635580",NA,"Chinook","Fall","LEWIS R -NF  27.0168","LOCR",2.45,NA,2011-07-05,2011-07-13,19251,0,19251,"LEWIS R -NF  27.0168","2011"
"231",2000,"630673","COWLITZ SALMON HATCHERY","Chinook","Fall","COWLITZ R    26.0002","LOCR",6.97,84,2001-05-23,2001-06-07,196240,3884,200124,"COWLITZ R    26.0002","2001"
"232",2003,"631873","KALAMA FALLS HATCHERY","Chinook","Fall","KALAMA R     27.0002","LOCR",6.21,81,2004-06-07,2004-06-15,87349,1239,88588,"KALAMA R     27.0002","2004"
"233",2006,"633970","NORTH TOUTLE HATCHERY","Chinook","Fall","TOUTLE R     26.0227","LOCR",7.43,84,2007-06-21,2007-06-30,84543,6040,90583,"GREEN R      26.0323","2007"
"234",2011,"636198","DEEP R NET PENS","Chinook","Fall","WASHOUGAL R  28.0159","LOCR",6.09,82,2012-06-18,2012-06-18,95309,0,95309,"DEEP R       25.0071","2012"
"235",2015,"636921","MAYFIELD NET PEN","Chinook","Fall","COWLITZ R    26.0002","LOCR",5.68,79,2016-05-26,2016-06-03,83852,472,84324,"COWLITZ R    26.0002","2016"
"236",2017,"637317",NA,"Chinook","Fall","LEWIS R      27.0168","LOCR",9.07,NA,2018-06-08,2018-06-19,51380,164,51544,"LEWIS R -NF  27.0168","2018"
"237",2015,"636612",NA,"Chinook","Fall","LEWIS R -NF  27.0168","LOCR",2.26,NA,2016-06-02,2016-06-06,10057,0,10057,"LEWIS R -NF  27.0168","2016"
"238",2016,"637130",NA,"Chinook","Fall","LEWIS R      27.0168","LOCR",9.07,NA,2017-06-02,2017-06-20,52829,464,53293,"LEWIS R -NF  27.0168","2017"
"239",2004,"094024","NATURAL PRODUCTION TAGGIN","Chinook","Fall","BONNEVILLE LADDER","LOCR",NA,NA,2005-05-06,2005-05-27,10729,0,10729,"COLUMBIA R-2","2005"
"240",2005,"094424","CEDC NET PENS","Chinook","Fall","COLE RIVERS HATCHERY","LOCR",41.73,NA,2006-07-19,2006-07-19,21815,202,22017,"YOUNGS R & BAY","2006"
"241",2003,"094025","NATURAL PRODUCTION TAGGIN","Chinook","Fall","BONNEVILLE LADDER","LOCR",1.34,NA,2004-06-09,2004-06-11,3644,0,3644,"COLUMBIA R-2","2004"
"242",2015,"091034","BONNEVILLE HATCHERY","Chinook","Fall","TANNER CR (BNVILLE)","LOCR",45.36,NA,2017-03-21,2017-03-24,16805,0,16805,"TANNER CR (BNVILLE)","2017"
"243",2006,"094604","KLASKANINE S FK POND","Chinook","Fall","COLE RIVERS HATCHERY","LOCR",13.5,NA,2007-06-28,2007-06-28,26981,1581,28562,"KLASKANINE R S FK","2007"
"244",2014,"090947","BONNEVILLE HATCHERY","Chinook","Fall","TANNER CR (BNVILLE)","LOCR",21.91,NA,2015-10-06,2015-10-06,43726,0,43726,"TANNER CR (BNVILLE)","2015"
"245",2004,"632477","KALAMA FALLS HATCHERY","Chinook","Fall","KALAMA R     27.0002","LOCR",6.29,82,2005-06-17,2005-06-17,90305,136,90441,"KALAMA R     27.0002","2005"
"246",2005,"094153","NATURAL PRODUCTION TAGGIN","Chinook","Fall","BONNEVILLE LADDER","LOCR",NA,NA,2006-04-21,2006-06-16,3883,0,3883,"COLUMBIA R-2","2006"
"247",2012,"090716","KLASKANINE S FK POND","Chinook","Fall","COLE RIVERS HATCHERY","LOCR",16.54,NA,2013-07-19,2013-07-19,29365,1130,30495,"KLASKANINE R S FK","2013"
"248",2016,"091137","BONNEVILLE HATCHERY","Chinook","Fall","TANNER CR (BNVILLE)","LOCR",5.71,NA,2017-05-01,2017-05-01,167037,0,167037,"TANNER CR (BNVILLE)","2017"
"249",2003,"094026","NATURAL PRODUCTION TAGGIN","Chinook","Fall","BONNEVILLE LADDER","LOCR",1.34,NA,2004-06-12,2004-06-16,3920,0,3920,"COLUMBIA R-2","2004"
"250",2016,"091169","BONNEVILLE HATCHERY","Chinook","Fall","TANNER CR (BNVILLE)","LOCR",17.75,NA,2017-09-05,2017-09-05,54119,0,54119,"TANNER CR (BNVILLE)","2017"
"251",2004,"093949","CEDC NET PENS","Chinook","Fall","COLE RIVERS HATCHERY","LOCR",33.62,NA,2005-07-15,2005-07-15,24676,233,24909,"YOUNGS R & BAY","2005"
"252",2006,"094550","CEDC NET PENS","Chinook","Fall","COLE RIVERS HATCHERY","LOCR",26.84,NA,2007-06-27,2007-06-27,22632,531,23163,"YOUNGS R & BAY","2007"
"253",2000,"093262","CEDC NET PENS","Chinook","Fall","COLE RIVERS HATCHERY","LOCR",18.39,NA,2001-07-04,2001-07-04,23809,178,23987,"YOUNGS R & BAY","2001"
"254",2014,"636796","KLASKANINE HATCHERY","Chinook","Fall","WASHOUGAL R  28.0159","LOCR",5.48,NA,2015-06-03,2015-06-03,95296,0,95296,"KLASKANINE R N FK","2015"
"255",2001,"093509","CEDC NET PENS","Chinook","Fall","COLE RIVERS HATCHERY","LOCR",19.99,NA,2002-07-02,2002-07-02,23970,241,24211,"YOUNGS R & BAY","2002"
"256",2000,"093312","KLASKANINE HATCHERY","Chinook","Fall","COLE RIVERS HATCHERY","LOCR",23,NA,2001-08-23,2001-08-23,26898,0,26898,"KLASKANINE R N FK","2001"
"257",2003,"093960","BIG CR HATCHERY","Chinook","Fall","COLE RIVERS HATCHERY","LOCR",25.38,NA,2004-08-14,2004-08-27,27523,0,27523,"KLASKANINE R N FK","2004"
"258",2001,"093510","CEDC NET PENS","Chinook","Fall","COLE RIVERS HATCHERY","LOCR",16.89,NA,2002-07-02,2002-07-02,24329,248,24577,"YOUNGS R & BAY","2002"
"259",2019,"091497","KLASKANINE HATCHERY","Chinook","Fall","COLE RIVERS HATCHERY","LOCR",20.15,NA,2020-08-18,2020-08-21,53663,0,53663,"KLASKANINE R N FK","2020"
"260",2018,"091341","BONNEVILLE HATCHERY","Chinook","Fall","TANNER CR (BNVILLE)","LOCR",22.53,NA,2019-10-11,2019-10-11,30027,0,30027,"TANNER CR (BNVILLE)","2019"
"261",2009,"090337","KLASKANINE S FK POND","Chinook","Fall","COLE RIVERS HATCHERY","LOCR",19.11,NA,2010-07-25,2010-07-25,27289,302,27591,"KLASKANINE R S FK","2010"
"262",2014,"090823","BIG CR HATCHERY","Chinook","Fall","BIG CR HATCHERY","LOCR",5.79,NA,2015-05-11,2015-05-11,219794,769,220563,"BIG CR (LWR COL R)","2015"
"263",2002,"093524","NATURAL PRODUCTION TAGGIN","Chinook","Fall","BONNEVILLE LADDER","LOCR",1.23,NA,2003-05-06,2003-05-30,8529,0,8529,"COLUMBIA R-2","2003"
"264",2015,"636922","KLASKANINE HATCHERY","Chinook","Fall","WASHOUGAL R  28.0159","LOCR",4.89,NA,2016-05-31,2016-05-31,96129,0,96129,"KLASKANINE R N FK","2016"
"265",2013,"055476","BONNEVILLE HATCHERY","Chinook","Fall","COLUMBIA R TULES","LOCR",5.44,NA,2014-05-16,2014-05-16,100470,0,100470,"TANNER CR (BNVILLE)","2014"
"266",2019,"091460","BIG CR HATCHERY","Chinook","Fall","BIG CR HATCHERY","LOCR",6.16,NA,2020-05-18,2020-05-27,469570,0,469570,"BIG CR (LWR COL R)","2020"
"267",2008,"090216","CEDC NET PENS","Chinook","Fall","COLE RIVERS HATCHERY","LOCR",26.05,NA,2009-07-02,2009-07-03,25112,99,25211,"YOUNGS R & BAY","2009"
"268",2003,"094122","BIG CR HATCHERY","Chinook","Fall","BIG CR HATCHERY","LOCR",5.96,NA,2004-05-11,2004-05-19,225582,0,225582,"BIG CR (LWR COL R)","2004"
"269",2008,"090243","KLASKANINE S FK POND","Chinook","Fall","COLE RIVERS HATCHERY","LOCR",13.77,NA,2009-07-21,2009-07-21,27835,52,27887,"KLASKANINE R S FK","2009"
"270",2014,"090822","KLASKANINE HATCHERY","Chinook","Fall","BIG CR HATCHERY","LOCR",5.44,NA,2015-05-01,2015-05-01,51400,76,51476,"KLASKANINE R N FK","2015"
"271",2011,"090582","BIG CR HATCHERY","Chinook","Fall","BIG CR HATCHERY","LOCR",5.5,NA,2012-05-07,2012-05-07,221260,314,221574,"BIG CR (LWR COL R)","2012"
"272",2008,"090199","BIG CR HATCHERY","Chinook","Fall","BIG CR HATCHERY","LOCR",5.88,NA,2009-05-11,2009-05-20,225164,388,225552,"BIG CR (LWR COL R)","2009"
"273",2010,"090441","KLASKANINE S FK POND","Chinook","Fall","COLE RIVERS HATCHERY","LOCR",15.49,NA,2011-07-13,2011-07-15,28137,103,28240,"KLASKANINE R S FK","2011"
"274",2018,"091285","BONNEVILLE HATCHERY","Chinook","Fall","TANNER CR (BNVILLE)","LOCR",5.96,NA,2019-04-19,2019-04-19,171443,0,171443,"TANNER CR (BNVILLE)","2019"
"275",2013,"071250","KLASKANINE HATCHERY","Chinook","Fall","COLE RIVERS HATCHERY","LOCR",13.15,NA,2014-07-14,2014-07-14,24401,96,24497,"KLASKANINE R N FK","2014"
"276",2017,"091182","BONNEVILLE HATCHERY","Chinook","Fall","TANNER CR (BNVILLE)","LOCR",6.44,NA,2018-04-30,2018-04-30,169646,0,169646,"TANNER CR (BNVILLE)","2018"
"277",2002,"093819","CEDC NET PENS","Chinook","Fall","COLE RIVERS HATCHERY","LOCR",19.9,NA,2003-08-07,2003-08-07,27679,154,27833,"YOUNGS R & BAY","2003"
"278",2009,"090326","BONNEVILLE HATCHERY","Chinook","Fall","COLUMBIA R TULES","LOCR",5.57,NA,2010-05-03,2010-05-03,169767,0,169767,"TANNER CR (BNVILLE)","2010"
"279",2014,"090885","KLASKANINE S FK POND","Chinook","Fall","COLE RIVERS HATCHERY","LOCR",15.22,NA,2015-06-24,2015-06-27,26843,249,27092,"KLASKANINE R S FK","2015"
"280",2013,"071244","CEDC NET PENS","Chinook","Fall","COLE RIVERS HATCHERY","LOCR",23.26,NA,2014-06-23,2014-06-23,26487,716,27203,"YOUNGS R & BAY","2014"
"281",2003,"093959","BIG CR HATCHERY","Chinook","Fall","COLE RIVERS HATCHERY","LOCR",13.42,NA,2004-07-23,2004-07-26,27075,0,27075,"KLASKANINE R N FK","2004"
"282",2014,"094155","CEDC NET PENS","Chinook","Fall","COLE RIVERS HATCHERY","LOCR",22.34,NA,2015-06-05,2015-06-05,26192,428,26620,"YOUNGS R & BAY","2015"
"283",2015,"090824","BIG CR HATCHERY","Chinook","Fall","BIG CR HATCHERY","LOCR",6.01,NA,2016-05-11,2016-05-11,224466,0,224466,"BIG CR (LWR COL R)","2016"
"284",2012,"090568","BONNEVILLE HATCHERY","Chinook","Fall","COLUMBIA R TULES","LOCR",5.29,NA,2013-05-17,2013-05-17,168873,0,168873,"TANNER CR (BNVILLE)","2013"
"285",2003,"093522","NATURAL PRODUCTION TAGGIN","Chinook","Fall","BONNEVILLE LADDER","LOCR",1.34,NA,2004-05-06,2004-05-21,7866,0,7866,"COLUMBIA R-2","2004"
"286",2012,"090702","BIG CR HATCHERY","Chinook","Fall","BIG CR HATCHERY","LOCR",5.61,NA,2013-05-15,2013-05-15,206754,2416,209170,"BIG CR (LWR COL R)","2013"
"287",2004,"094021","BIG CR HATCHERY","Chinook","Fall","BIG CR HATCHERY","LOCR",6.16,NA,2005-05-05,2005-05-05,223507,0,223507,"BIG CR (LWR COL R)","2005"
"288",2007,"090126","CEDC NET PENS","Chinook","Fall","COLE RIVERS HATCHERY","LOCR",24.26,NA,2008-07-01,2008-07-01,22628,492,23120,"YOUNGS R & BAY","2008"
"289",2015,"091007","KLASKANINE S FK POND","Chinook","Fall","COLE RIVERS HATCHERY","LOCR",19.89,NA,2016-06-28,2016-06-28,27324,402,27726,"KLASKANINE R S FK","2016"
"290",2015,"091037","BONNEVILLE HATCHERY","Chinook","Fall","TANNER CR (BNVILLE)","LOCR",22.13,NA,2016-09-29,2016-09-29,42916,0,42916,"TANNER CR (BNVILLE)","2016"
"291",2004,"094152","NATURAL PRODUCTION TAGGIN","Chinook","Fall","BONNEVILLE LADDER","LOCR",1.16,NA,2005-05-05,2005-05-27,9940,0,9940,"COLUMBIA R-2","2005"
"292",2009,"092047","KLASKANINE HATCHERY","Chinook","Fall","BIG CR HATCHERY","LOCR",5.74,NA,2010-05-03,2010-05-04,52298,0,52298,"KLASKANINE R N FK","2010"
"293",2013,"090821","KLASKANINE S FK POND","Chinook","Fall","COLE RIVERS HATCHERY","LOCR",14.13,NA,2014-07-17,2014-07-17,28762,54,28816,"KLASKANINE R S FK","2014"
"294",2014,"090922","BONNEVILLE HATCHERY","Chinook","Fall","TANNER CR (BNVILLE)","LOCR",5.87,NA,2015-04-20,2015-04-20,149227,1507,150734,"TANNER CR (BNVILLE)","2015"
"295",2002,"631877",NA,"Chinook","Fall","LEWIS R -NF  27.0168","LOCR",1.81,NA,2003-06-02,2003-07-01,47471,0,47471,"LEWIS R -NF  27.0168","2003"
"296",2009,"634976",NA,"Chinook","Fall","COWLITZ R    26.0002","LOCR",4.53,NA,2010-04-21,2010-05-17,44440,0,44440,"COWLITZ R -LOWER","2010"
"297",2008,"634773","NORTH TOUTLE HATCHERY","Chinook","Fall","TOUTLE R     26.0227","LOCR",5.81,77,2009-07-01,2009-07-08,81825,526,82351,"GREEN R      26.0323","2009"
"298",2008,"634775","KALAMA FALLS HATCHERY","Chinook","Fall","KALAMA R     27.0002","LOCR",6.11,81,2009-07-08,2009-07-08,90574,506,91080,"KALAMA R     27.0002","2009"
"299",2018,"637381","COWLITZ SALMON HATCHERY","Chinook","Fall","COWLITZ SAL HATCHERY","LOCR",5.98,81,2019-06-03,2019-06-21,520339,2615,522954,"COWLITZ R    26.0002","2019"
"300",2019,"637618","KALAMA FALLS HATCHERY","Chinook","Fall","KALAMA R HATCH  27.0002","LOCR",6.12,81,2020-06-22,2020-06-22,100704,354,101058,"KALAMA R     27.0002","2020"
"301",2005,"632986",NA,"Chinook","Fall","LEWIS R -NF  27.0168","LOCR",2.3,NA,2006-06-02,2006-07-10,47360,0,47360,"LEWIS R -NF  27.0168","2006"
"302",2004,"632991",NA,"Chinook","Fall","LEWIS R -NF  27.0168","LOCR",6.04,NA,2005-06-03,2005-07-05,29225,0,29225,"LEWIS R      27.0168","2005"
"303",2000,"630879","NORTH TOUTLE HATCHERY","Chinook","Fall","TOUTLE R     26.0227","LOCR",7.31,83,2001-06-20,2001-07-30,73646,0,73646,"GREEN R      26.0323","2001"
"304",2000,"630196","ELOCHOMAN HATCHERY","Chinook","Fall","ELOCHOMAN R  25.0236","LOCR",6.87,80,2001-06-05,2001-06-15,92714,0,92714,"ELOCHOMAN R  25.0236","2001"
"305",2002,"631543","WASHOUGAL HATCHERY","Chinook","Fall","WASHOUGAL R  28.0159","LOCR",9.07,91,2003-06-04,2003-07-08,46106,0,46106,"WASHOUGAL R  28.0159","2003"
"306",2002,"631782","COWLITZ SALMON HATCHERY","Chinook","Fall","COWLITZ R    26.0002","LOCR",8.89,90,2003-06-02,2003-06-25,200134,0,200134,"COWLITZ R    26.0002","2003"
"307",2005,"632885","FALLERT CR HATCHERY","Chinook","Fall","KALAMA R     27.0002","LOCR",5.46,783,2006-06-29,2006-07-26,91443,312,91755,"FALLERT CR   27.0017","2006"
"308",2005,"632886","KALAMA FALLS HATCHERY","Chinook","Fall","KALAMA R     27.0002","LOCR",7.82,87,2006-07-11,2006-07-11,91240,0,91240,"KALAMA R     27.0002","2006"
"309",2005,"633476","NORTH TOUTLE HATCHERY","Chinook","Fall","TOUTLE R     26.0227","LOCR",6.21,81,2006-07-01,2006-07-12,86339,1171,87510,"GREEN R      26.0323","2006"
"310",2006,"633977","KALAMA FALLS HATCHERY","Chinook","Fall","KALAMA R     27.0002","LOCR",5.92,80,2007-06-28,2007-06-28,92009,466,92475,"KALAMA R     27.0002","2007"
"311",2008,"634279","COWLITZ SALMON HATCHERY","Chinook","Fall","COWLITZ R    26.0002","LOCR",7.74,85,2009-06-04,2009-06-25,199872,1455,201327,"COWLITZ R    26.0002","2009"
"312",2013,"636655","COWLITZ SALMON HATCHERY","Chinook","Fall","COWLITZ R    26.0002","LOCR",5.67,79,2014-06-13,2014-06-15,220739,1110,221849,"COWLITZ R    26.0002","2014"
"313",2014,"636802","NORTH TOUTLE HATCHERY","Chinook","Fall","TOUTLE R     26.0227","LOCR",6.06,79,2015-06-02,2015-06-19,95394,905,96299,"GREEN R      26.0323","2015"
"314",2015,"636915","NORTH TOUTLE HATCHERY","Chinook","Fall","TOUTLE R     26.0227","LOCR",5.66,75,2016-06-03,2016-06-10,97267,420,97687,"GREEN R      26.0323","2016"
"315",2016,"637095","WASHOUGAL HATCHERY","Chinook","Fall","WASHOUGAL R  28.0159","LOCR",5.59,78,2017-06-27,2017-06-27,50714,122,50836,"WASHOUGAL R  28.0159","2017"
"316",2016,"637098","FALLERT CR HATCHERY","Chinook","Fall","KALAMA R     27.0002","LOCR",5.53,5,2017-06-22,2017-06-22,48924,0,48924,"FALLERT CR   27.0017","2017"
"317",2017,"637260","FALLERT CR HATCHERY","Chinook","Fall","KALAMA R HATCH  27.0002","LOCR",5.66,81,2018-06-19,2018-06-19,97918,393,98311,"FALLERT CR   27.0017","2018"
"318",2017,"637262","NORTH TOUTLE HATCHERY","Chinook","Fall","TOUTLE R     26.0227","LOCR",5.66,80,2018-06-19,2018-07-06,93951,1722,95673,"GREEN R      26.0323","2018"
