"","tag_code","hatchery","brood_year","total_cwt_rel","avg_weight","release_site","first_release_date","total_cwt_estimated","total_raw_tags","relative_sar"
"1","090198","BONNEVILLE HATCHERY",2008,163683,4.12,"TANNER CR (BNVILLE)",2009-05-15,276.1,237,0.0016868
"2","090326","BONNEVILLE HATCHERY",2009,169767,5.57,"TANNER CR (BNVILLE)",2010-05-03,271.15,233,0.0015972
"3","090486","BONNEVILLE HATCHERY",2010,170842,5.65,"TANNER CR (BNVILLE)",2011-05-25,270.21,217,0.0015816
"4","090571","BONNEVILLE HATCHERY",2011,171083,4.54,"TANNER CR (BNVILLE)",2012-05-18,571.76,457,0.003342
"5","090568","BONNEVILLE HATCHERY",2012,168873,5.29,"TANNER CR (BNVILLE)",2013-05-17,541.58,464,0.003207
"6","055430","BONNEVILLE HATCHERY",2013,105582,5.95,"TANNER CR (BNVILLE)",2014-05-16,73.33,68,0.0006945
"7","055476","BONNEVILLE HATCHERY",2013,100470,5.44,"TANNER CR (BNVILLE)",2014-05-16,77.36,64,0.00077
"8","090864","BONNEVILLE HATCHERY",2013,164113,5.28,"TANNER CR (BNVILLE)",2014-05-16,45.39,39,0.0002766
"9","090922","BONNEVILLE HATCHERY",2014,150734,5.87,"TANNER CR (BNVILLE)",2015-04-20,581.32,477,0.0038566
"10","090947","BONNEVILLE HATCHERY",2014,43726,21.91,"TANNER CR (BNVILLE)",2015-10-06,21.26,9,0.0004862
"11","090948","BONNEVILLE HATCHERY",2014,26210,44.91,"TANNER CR (BNVILLE)",2016-02-26,7,7,0.0002671
"12","091009","BONNEVILLE HATCHERY",2015,160298,5.82,"TANNER CR (BNVILLE)",2016-04-15,239.49,208,0.001494
"13","091034","BONNEVILLE HATCHERY",2015,16805,45.36,"TANNER CR (BNVILLE)",2017-03-21,3,3,0.0001785
"14","091037","BONNEVILLE HATCHERY",2015,42916,22.13,"TANNER CR (BNVILLE)",2016-09-29,1,1,2.33e-05
"15","091137","BONNEVILLE HATCHERY",2016,167037,5.71,"TANNER CR (BNVILLE)",2017-05-01,154.93,143,0.0009275
"16","091169","BONNEVILLE HATCHERY",2016,54119,17.75,"TANNER CR (BNVILLE)",2017-09-05,1,1,1.85e-05
"17","091182","BONNEVILLE HATCHERY",2017,169646,6.44,"TANNER CR (BNVILLE)",2018-04-30,888.83,817,0.0052393
"18","091226","BONNEVILLE HATCHERY",2017,50103,22.7,"TANNER CR (BNVILLE)",2018-10-02,24.74,24,0.0004938
"19","637228","BONNEVILLE HATCHERY",2017,163037,5.82,"TANNER CR (BNVILLE)",2018-06-04,336.32,287,0.0020628
"20","091285","BONNEVILLE HATCHERY",2018,171443,5.96,"TANNER CR (BNVILLE)",2019-04-19,413.38,343,0.0024112
"21","091341","BONNEVILLE HATCHERY",2018,30027,22.53,"TANNER CR (BNVILLE)",2019-10-11,39.38,33,0.0013115
"22","637411","BONNEVILLE HATCHERY",2018,192246,6.01,"TANNER CR (BNVILLE)",2019-06-12,158.42,120,0.000824
"23","091458","BONNEVILLE HATCHERY",2019,173129,5.82,"TANNER CR (BNVILLE)",2020-04-15,2013.15,1707,0.011628
"24","094702","BONNEVILLE HATCHERY",2019,54643,20.92,"TANNER CR (BNVILLE)",2020-10-01,17.42,14,0.0003188
"25","637418","BONNEVILLE HATCHERY",2019,199645,6.09,"TANNER CR (BNVILLE)",2020-06-17,116.37,90,0.0005829
"26","093258","CEDC NET PENS",2000,25263,16.76,"YOUNGS R & BAY",2001-07-04,161.32,51,0.0063856
"27","093259","CEDC NET PENS",2000,24466,16.89,"YOUNGS R & BAY",2001-07-04,163.87,50,0.0066979
"28","093260","CEDC NET PENS",2000,24922,20.17,"YOUNGS R & BAY",2001-07-04,269.47,85,0.0108125
"29","093261","CEDC NET PENS",2000,24809,22.17,"YOUNGS R & BAY",2001-07-04,283.7,97,0.0114354
"30","093262","CEDC NET PENS",2000,23987,18.39,"YOUNGS R & BAY",2001-07-04,185.63,55,0.0077388
"31","093509","CEDC NET PENS",2001,24211,19.99,"YOUNGS R & BAY",2002-07-02,127.32,60,0.0052588
"32","093510","CEDC NET PENS",2001,24577,16.89,"YOUNGS R & BAY",2002-07-02,90.01,42,0.0036624
"33","093511","CEDC NET PENS",2001,24225,19.33,"YOUNGS R & BAY",2002-07-02,104.4,44,0.0043096
"34","093512","CEDC NET PENS",2001,24853,19.39,"YOUNGS R & BAY",2002-07-02,160.3,66,0.0064499
"35","093513","CEDC NET PENS",2001,24602,16.39,"YOUNGS R & BAY",2002-07-02,107.93,46,0.004387
"36","093809","CEDC NET PENS",2002,23832,25.55,"YOUNGS R & BAY",2003-07-24,64.52,30,0.0027073
"37","093819","CEDC NET PENS",2002,27833,19.9,"YOUNGS R & BAY",2003-08-07,105.59,49,0.0037937
"38","093954","CEDC NET PENS",2003,25041,28.78,"YOUNGS R & BAY",2004-07-15,33.37,16,0.0013326
"39","093955","CEDC NET PENS",2003,25327,26.87,"YOUNGS R & BAY",2004-07-15,43.09,14,0.0017013
"40","093948","CEDC NET PENS",2004,24971,29.3,"YOUNGS R & BAY",2005-07-18,399.09,181,0.0159821
"41","093949","CEDC NET PENS",2004,24909,33.62,"YOUNGS R & BAY",2005-07-15,515.98,238,0.0207146
"42","094329","CEDC NET PENS",2005,24942,29.74,"YOUNGS R & BAY",2006-07-06,455.54,167,0.018264
"43","094424","CEDC NET PENS",2005,22017,41.73,"YOUNGS R & BAY",2006-07-19,408.38,158,0.0185484
"44","094550","CEDC NET PENS",2006,23163,26.84,"YOUNGS R & BAY",2007-06-27,112,34,0.0048353
"45","090126","CEDC NET PENS",2007,23120,24.26,"YOUNGS R & BAY",2008-07-01,205.06,61,0.0088694
"46","090216","CEDC NET PENS",2008,25211,26.05,"YOUNGS R & BAY",2009-07-02,292.72,82,0.0116108
"47","094151","CEDC NET PENS",2009,27114,27.16,"YOUNGS R & BAY",2010-07-08,476.09,157,0.0175588
"48","090368","CEDC NET PENS",2010,24762,22.37,"YOUNGS R & BAY",2011-06-28,535.7,180,0.021634
"49","090584","CEDC NET PENS",2011,31212,21.42,"YOUNGS R & BAY",2012-06-29,256.97,102,0.0082331
"50","090711","CEDC NET PENS",2012,25189,28.14,"YOUNGS R & BAY",2013-07-01,259.55,96,0.0103041
"51","071244","CEDC NET PENS",2013,27203,23.26,"YOUNGS R & BAY",2014-06-23,129.65,39,0.004766
"52","094155","CEDC NET PENS",2014,26620,22.34,"YOUNGS R & BAY",2015-06-05,396.83,134,0.0149072
"53","630673","COWLITZ SALMON HATCHERY",2000,200124,6.97,"COWLITZ R    26.0002",2001-05-23,73.84,47,0.000369
"54","631379","COWLITZ SALMON HATCHERY",2001,209732,7,"COWLITZ R    26.0002",2002-06-05,152.93,128,0.0007292
"55","631782","COWLITZ SALMON HATCHERY",2002,200134,8.89,"COWLITZ R    26.0002",2003-06-02,57.11,54,0.0002854
"56","632573","COWLITZ SALMON HATCHERY",2003,198549,7.39,"COWLITZ R    26.0002",2004-06-06,59.94,55,0.0003019
"57","633075","COWLITZ SALMON HATCHERY",2004,194734,7.88,"COWLITZ R    26.0002",2005-06-15,57.94,53,0.0002975
"58","633287","COWLITZ SALMON HATCHERY",2005,178376,8.09,"COWLITZ R    26.0002",2006-06-19,178.63,168,0.0010014
"59","633877","COWLITZ SALMON HATCHERY",2006,202114,8.57,"COWLITZ R    26.0002",2007-06-19,366.28,339,0.0018122
"60","634280","COWLITZ SALMON HATCHERY",2007,202953,7.28,"COWLITZ R    26.0002",2008-06-18,566.77,548,0.0027926
"61","634279","COWLITZ SALMON HATCHERY",2008,201327,7.74,"COWLITZ R    26.0002",2009-06-04,202.1,172,0.0010038
"62","635286","COWLITZ SALMON HATCHERY",2009,197505,7.14,"COWLITZ R    26.0002",2010-06-10,135.81,113,0.0006876
"63","635694","COWLITZ SALMON HATCHERY",2010,203636,6.13,"COWLITZ R    26.0002",2011-06-01,279.75,244,0.0013738
"64","636093","COWLITZ SALMON HATCHERY",2011,200966,6.12,"COWLITZ R    26.0002",2012-06-07,93.46,77,0.0004651
"65","636490","COWLITZ SALMON HATCHERY",2012,200131,5.68,"COWLITZ R    26.0002",2013-06-10,242.93,231,0.0012139
"66","636655","COWLITZ SALMON HATCHERY",2013,221849,5.67,"COWLITZ R    26.0002",2014-06-13,54.86,48,0.0002473
"67","636656","COWLITZ SALMON HATCHERY",2013,219871,5.67,"COWLITZ R    26.0002",2014-06-13,45.66,43,0.0002077
"68","636657","COWLITZ SALMON HATCHERY",2013,220764,5.68,"COWLITZ R    26.0002",2014-06-13,64.1,58,0.0002904
"69","636658","COWLITZ SALMON HATCHERY",2013,215658,5.68,"COWLITZ R    26.0002",2014-06-13,62.11,48,0.000288
"70","636668","COWLITZ SALMON HATCHERY",2013,219331,5.68,"COWLITZ R    26.0002",2014-06-13,69.39,60,0.0003164
"71","636821","COWLITZ SALMON HATCHERY",2014,208628,5.75,"COWLITZ R    26.0002",2015-05-27,41.46,36,0.0001987
"72","636838","COWLITZ SALMON HATCHERY",2014,890399,5.96,"COWLITZ R    26.0002",2015-05-27,261.8,248,0.000294
"73","636969","COWLITZ SALMON HATCHERY",2015,1093023,5.89,"COWLITZ R    26.0002",2016-06-15,331.99,311,0.0003037
"74","637189","COWLITZ SALMON HATCHERY",2016,995614,5.85,"COWLITZ R    26.0002",2017-06-20,855.63,833,0.0008594
"75","637242","COWLITZ SALMON HATCHERY",2017,219592,6.23,"COWLITZ R    26.0002",2018-06-01,208.55,193,0.0009497
"76","637383","COWLITZ SALMON HATCHERY",2017,612815,6.06,"COWLITZ R    26.0002",2018-06-01,633.32,569,0.0010335
"77","637403","COWLITZ SALMON HATCHERY",2017,566006,6.06,"COWLITZ R    26.0002",2018-06-01,724.75,665,0.0012805
"78","637381","COWLITZ SALMON HATCHERY",2018,522954,5.98,"COWLITZ R    26.0002",2019-06-03,95.08,83,0.0001818
"79","637527","COWLITZ SALMON HATCHERY",2018,455936,5.7,"COWLITZ R    26.0002",2019-06-03,178.98,166,0.0003926
"80","637606","COWLITZ SALMON HATCHERY",2018,659373,5.98,"COWLITZ R    26.0002",2019-06-03,456.14,440,0.0006918
"81","637769","COWLITZ SALMON HATCHERY",2019,21001,5.64,"COWLITZ R    26.0002",2020-06-03,8,8,0.0003809
"82","637779","COWLITZ SALMON HATCHERY",2019,103769,5.64,"COWLITZ R    26.0002",2020-06-03,44,39,0.000424
"83","634772","DEEP R NET PENS",2008,54780,5.81,"DEEP R       25.0071",2009-06-01,80.37,36,0.0014671
"84","635198","DEEP R NET PENS",2009,83035,5.72,"DEEP R       25.0071",2010-06-24,233.47,93,0.0028117
"85","635592","DEEP R NET PENS",2010,88263,5.53,"DEEP R       25.0071",2011-06-28,112.87,44,0.0012788
"86","636198","DEEP R NET PENS",2011,95309,6.09,"DEEP R       25.0071",2012-06-18,170.03,98,0.001784
"87","636471","DEEP R NET PENS",2012,87939,5.9,"DEEP R       25.0071",2013-06-13,214.64,117,0.0024408
"88","636473","DEEP R NET PENS",2013,92805,5.27,"DEEP R       25.0071",2014-06-10,68.89,35,0.0007423
"89","636797","DEEP R NET PENS",2014,104790,5.33,"DEEP R       25.0071",2015-05-28,151.45,67,0.0014453
"90","636787","DEEP R NET PENS",2015,79840,5.55,"DEEP R       25.0071",2016-06-06,178.87,95,0.0022404
"91","637155","DEEP R NET PENS",2016,97432,5.88,"DEEP R       25.0071",2017-06-22,165.6,102,0.0016996
"92","630196","ELOCHOMAN HATCHERY",2000,92714,6.87,"ELOCHOMAN R  25.0236",2001-06-05,354.53,196,0.0038239
"93","630881","ELOCHOMAN HATCHERY",2001,92443,6.57,"ELOCHOMAN R  25.0236",2002-06-10,117.08,58,0.0012665
"94","631410","ELOCHOMAN HATCHERY",2002,88835,6.29,"ELOCHOMAN R  25.0236",2003-06-01,83.75,48,0.0009428
"95","631872","ELOCHOMAN HATCHERY",2003,87093,6.97,"ELOCHOMAN R  25.0236",2004-05-05,18.5,18,0.0002124
"96","632474","ELOCHOMAN HATCHERY",2004,88776,9.07,"ELOCHOMAN R  25.0236",2005-06-07,55.63,41,0.0006266
"97","632882","ELOCHOMAN HATCHERY",2005,89537,7.19,"ELOCHOMAN R  25.0236",2006-06-05,99.97,68,0.0011165
"98","633479","ELOCHOMAN HATCHERY",2006,86510,6.67,"ELOCHOMAN R  25.0236",2007-06-07,134.36,96,0.0015531
"99","634370","ELOCHOMAN HATCHERY",2007,90935,5.84,"ELOCHOMAN R  25.0236",2008-06-06,195.68,140,0.0021519
"100","630280","FALLERT CR HATCHERY",2000,96839,6.12,"FALLERT CR   27.0017",2001-06-25,132.59,54,0.0013692
"101","631407","FALLERT CR HATCHERY",2001,89919,6.12,"FALLERT CR   27.0017",2002-06-24,108.7,48,0.0012089
"102","631556","FALLERT CR HATCHERY",2002,90586,5.53,"FALLERT CR   27.0017",2003-06-18,232.37,102,0.0025652
"103","632275","FALLERT CR HATCHERY",2003,86243,6.57,"FALLERT CR   27.0017",2004-06-21,90.55,36,0.0010499
"104","632476","FALLERT CR HATCHERY",2004,85942,5.74,"FALLERT CR   27.0017",2005-06-27,229.8,88,0.0026739
"105","632885","FALLERT CR HATCHERY",2005,91755,5.46,"FALLERT CR   27.0017",2006-06-29,214.95,118,0.0023427
"106","633978","FALLERT CR HATCHERY",2006,87663,4.72,"FALLERT CR   27.0017",2007-07-02,44.62,28,0.000509
"107","634371","FALLERT CR HATCHERY",2007,90250,5.66,"FALLERT CR   27.0017",2008-07-06,86.66,59,0.0009602
"108","634774","FALLERT CR HATCHERY",2008,90525,5.74,"FALLERT CR   27.0017",2009-07-04,116.47,65,0.0012866
"109","635194","FALLERT CR HATCHERY",2009,88760,5.66,"FALLERT CR   27.0017",2010-06-14,136.36,71,0.0015363
"110","635597","FALLERT CR HATCHERY",2010,94161,5.81,"FALLERT CR   27.0017",2011-07-04,155.08,84,0.001647
"111","636199","FALLERT CR HATCHERY",2011,96400,6.04,"FALLERT CR   27.0017",2012-06-23,188.5,147,0.0019554
"112","636475","FALLERT CR HATCHERY",2012,93598,5.66,"FALLERT CR   27.0017",2013-06-10,295.28,239,0.0031548
"113","636637","FALLERT CR HATCHERY",2013,101153,5.66,"FALLERT CR   27.0017",2014-06-14,100.93,82,0.0009978
"114","636799","FALLERT CR HATCHERY",2014,100592,5.66,"FALLERT CR   27.0017",2015-06-11,189.91,156,0.0018879
"115","636788","FALLERT CR HATCHERY",2015,97327,6.66,"FALLERT CR   27.0017",2016-06-07,227.94,183,0.002342
"116","637097","FALLERT CR HATCHERY",2016,51551,5.66,"FALLERT CR   27.0017",2017-06-22,113.32,93,0.0021982
"117","637098","FALLERT CR HATCHERY",2016,48924,5.53,"FALLERT CR   27.0017",2017-06-22,111.93,91,0.0022878
"118","637260","FALLERT CR HATCHERY",2017,98311,5.66,"FALLERT CR   27.0017",2018-06-19,256.02,170,0.0026042
"119","637452","FALLERT CR HATCHERY",2018,97831,5.66,"FALLERT CR   27.0017",2019-06-17,282.18,218,0.0028844
"120","637617","FALLERT CR HATCHERY",2019,100571,6.04,"FALLERT CR   27.0017",2020-06-09,206.15,151,0.0020498
"121","630279","KALAMA FALLS HATCHERY",2000,92810,6.47,"KALAMA R     27.0002",2001-06-14,146.72,64,0.0015809
"122","631406","KALAMA FALLS HATCHERY",2001,89947,6.38,"KALAMA R     27.0002",2002-06-18,83.76,44,0.0009312
"123","631554","KALAMA FALLS HATCHERY",2002,82761,6.21,"KALAMA R     27.0002",2003-06-09,171.06,87,0.0020669
"124","631873","KALAMA FALLS HATCHERY",2003,88588,6.21,"KALAMA R     27.0002",2004-06-07,28.87,16,0.0003259
"125","632477","KALAMA FALLS HATCHERY",2004,90441,6.29,"KALAMA R     27.0002",2005-06-17,101.91,55,0.0011268
"126","632886","KALAMA FALLS HATCHERY",2005,91240,7.82,"KALAMA R     27.0002",2006-07-11,281.75,181,0.003088
"127","633977","KALAMA FALLS HATCHERY",2006,92475,5.92,"KALAMA R     27.0002",2007-06-28,159.4,88,0.0017237
"128","634372","KALAMA FALLS HATCHERY",2007,80785,5.66,"KALAMA R     27.0002",2008-06-25,121.38,79,0.0015025
"129","634775","KALAMA FALLS HATCHERY",2008,91080,6.11,"KALAMA R     27.0002",2009-07-08,105.48,68,0.0011581
"130","635196","KALAMA FALLS HATCHERY",2009,90470,5.11,"KALAMA R     27.0002",2010-07-20,211.83,120,0.0023414
"131","635594","KALAMA FALLS HATCHERY",2010,90969,5.62,"KALAMA R     27.0002",2011-06-30,293.06,179,0.0032215
"132","636264","KALAMA FALLS HATCHERY",2011,62143,6.07,"KALAMA R     27.0002",2012-07-11,227.23,176,0.0036566
"133","636474","KALAMA FALLS HATCHERY",2012,93297,6.26,"KALAMA R     27.0002",2013-06-05,303.19,249,0.0032497
"134","636639","KALAMA FALLS HATCHERY",2013,99192,5.33,"KALAMA R     27.0002",2014-06-23,166.55,127,0.0016791
"135","636801","KALAMA FALLS HATCHERY",2014,99252,5.39,"KALAMA R     27.0002",2015-06-08,129.12,100,0.0013009
"136","636923","KALAMA FALLS HATCHERY",2015,103716,5.81,"KALAMA R     27.0002",2016-06-01,193.78,155,0.0018684
"137","637093","KALAMA FALLS HATCHERY",2016,51085,5.69,"KALAMA R     27.0002",2017-06-26,91.39,87,0.001789
"138","637094","KALAMA FALLS HATCHERY",2016,49402,5.69,"KALAMA R     27.0002",2017-06-26,95.56,76,0.0019343
"139","637261","KALAMA FALLS HATCHERY",2017,105651,5.89,"KALAMA R     27.0002",2018-06-26,405.94,332,0.0038423
"140","637440","KALAMA FALLS HATCHERY",2018,101208,5.84,"KALAMA R     27.0002",2019-07-02,272.53,205,0.0026928
"141","637618","KALAMA FALLS HATCHERY",2019,101058,6.12,"KALAMA R     27.0002",2020-06-22,152.75,129,0.0015115
"142","093312","KLASKANINE HATCHERY",2000,26898,23,"KLASKANINE R N FK",2001-08-23,200.61,92,0.0074582
"143","093313","KLASKANINE HATCHERY",2000,27000,26.05,"KLASKANINE R N FK",2001-09-20,184.58,74,0.0068363
"144","093532","KLASKANINE HATCHERY",2001,21587,19.53,"KLASKANINE R N FK",2002-08-22,14.07,9,0.0006518
"145","093533","KLASKANINE HATCHERY",2001,26608,12.33,"KLASKANINE R N FK",2002-08-01,55.68,34,0.0020926
"146","070546","KLASKANINE HATCHERY",2004,29012,14.36,"KLASKANINE R N FK",2005-08-05,279.77,169,0.0096433
"147","092047","KLASKANINE HATCHERY",2009,52298,5.74,"KLASKANINE R N FK",2010-05-03,283.83,120,0.0054272
"148","092213","KLASKANINE HATCHERY",2011,54729,5.86,"KLASKANINE R N FK",2012-05-01,39.66,19,0.0007247
"149","090367","KLASKANINE HATCHERY",2012,53037,5.85,"KLASKANINE R N FK",2013-04-29,108.97,60,0.0020546
"150","090710","KLASKANINE HATCHERY",2012,31652,13.54,"KLASKANINE R N FK",2013-07-16,79.91,44,0.0025246
"151","071250","KLASKANINE HATCHERY",2013,24497,13.15,"KLASKANINE R N FK",2014-07-14,27.59,17,0.0011263
"152","090715","KLASKANINE HATCHERY",2013,53629,5.74,"KLASKANINE R N FK",2014-04-26,9.37,2,0.0001747
"153","090822","KLASKANINE HATCHERY",2014,51476,5.44,"KLASKANINE R N FK",2015-05-01,36.12,16,0.0007017
"154","094162","KLASKANINE HATCHERY",2014,26887,10.08,"KLASKANINE R N FK",2015-06-26,2,2,7.44e-05
"155","636796","KLASKANINE HATCHERY",2014,95296,5.48,"KLASKANINE R N FK",2015-06-03,153.82,78,0.0016141
"156","090596","KLASKANINE HATCHERY",2015,55009,5.78,"KLASKANINE R N FK",2016-05-02,31.54,21,0.0005734
"157","091006","KLASKANINE HATCHERY",2015,25468,13.07,"KLASKANINE R N FK",2016-07-11,69.13,45,0.0027144
"158","636922","KLASKANINE HATCHERY",2015,96129,4.89,"KLASKANINE R N FK",2016-05-31,197.39,132,0.0020534
"159","091136","KLASKANINE HATCHERY",2016,108056,5.85,"KLASKANINE R N FK",2017-06-23,94.93,64,0.0008785
"160","091008","KLASKANINE HATCHERY",2017,53180,5.69,"KLASKANINE R N FK",2018-05-14,35.04,19,0.0006589
"161","094524","KLASKANINE HATCHERY",2017,100311,6.27,"KLASKANINE R N FK",2018-07-07,116.05,71,0.0011569
"162","090597","KLASKANINE HATCHERY",2018,54084,5.57,"KLASKANINE R N FK",2019-05-15,78.43,33,0.0014502
"163","091284","KLASKANINE HATCHERY",2018,36521,7.29,"KLASKANINE R N FK",2019-07-16,211.73,123,0.0057975
"164","090714","KLASKANINE HATCHERY",2019,56420,6.02,"KLASKANINE R N FK",2020-05-08,355.65,186,0.0063036
"165","091497","KLASKANINE HATCHERY",2019,53663,20.15,"KLASKANINE R N FK",2020-08-18,853.56,463,0.0159059
"166","091498","KLASKANINE HATCHERY",2019,42283,9.34,"KLASKANINE R N FK",2020-07-29,301.23,195,0.0071241
"167","093629","KLASKANINE HATCHERY",2019,99799,9.34,"KLASKANINE R N FK",2020-07-29,651.81,411,0.0065312
"168","620227","KLASKANINE S FK POND",2004,27822,14.41,"KLASKANINE R S FK",2005-07-14,102.41,55,0.0036809
"169","094429","KLASKANINE S FK POND",2005,50153,17.97,"KLASKANINE R S FK",2006-07-22,253.46,120,0.0050537
"170","094604","KLASKANINE S FK POND",2006,28562,13.5,"KLASKANINE R S FK",2007-06-28,86.91,54,0.0030429
"171","090142","KLASKANINE S FK POND",2007,30019,14.33,"KLASKANINE R S FK",2008-07-21,208.27,94,0.0069379
"172","090243","KLASKANINE S FK POND",2008,27887,13.77,"KLASKANINE R S FK",2009-07-21,176.84,81,0.0063413
"173","090337","KLASKANINE S FK POND",2009,27591,19.11,"KLASKANINE R S FK",2010-07-25,395,176,0.0143163
"174","090441","KLASKANINE S FK POND",2010,28240,15.49,"KLASKANINE R S FK",2011-07-13,487.58,230,0.0172656
"175","090595","KLASKANINE S FK POND",2011,31299,13.26,"KLASKANINE R S FK",2012-07-07,53.07,24,0.0016956
"176","090716","KLASKANINE S FK POND",2012,30495,16.54,"KLASKANINE R S FK",2013-07-19,143.77,54,0.0047145
"177","090821","KLASKANINE S FK POND",2013,28816,14.13,"KLASKANINE R S FK",2014-07-17,65.01,30,0.002256
"178","090885","KLASKANINE S FK POND",2014,27092,15.22,"KLASKANINE R S FK",2015-06-24,31.3,15,0.0011553
"179","091007","KLASKANINE S FK POND",2015,27726,19.89,"KLASKANINE R S FK",2016-06-28,188.39,88,0.0067947
"180","636270","MAYFIELD NET PEN",2013,102600,5.66,"COWLITZ R    26.0002",2014-06-29,56.93,50,0.0005549
"181","636793","MAYFIELD NET PEN",2014,100505,5.28,"COWLITZ R    26.0002",2015-05-11,14.89,13,0.0001482
"182","636921","MAYFIELD NET PEN",2015,84324,5.68,"COWLITZ R    26.0002",2016-05-26,20,20,0.0002372
"183","637153","MAYFIELD NET PEN",2016,101357,5.66,"COWLITZ R    26.0002",2017-06-13,16,16,0.0001579
"184","637341","MAYFIELD NET PEN",2017,100804,5.59,"COWLITZ R    26.0002",2018-06-04,103.65,99,0.0010282
"185","630879","NORTH TOUTLE HATCHERY",2000,73646,7.31,"GREEN R      26.0323",2001-06-20,84.6,35,0.0011487
"186","631408","NORTH TOUTLE HATCHERY",2001,41134,6.38,"GREEN R      26.0323",2002-06-25,184.17,85,0.0044773
"187","631869","NORTH TOUTLE HATCHERY",2002,87067,6.57,"GREEN R      26.0323",2003-06-25,110.78,45,0.0012724
"188","632276","NORTH TOUTLE HATCHERY",2003,88906,7.31,"GREEN R      26.0323",2004-07-08,35.49,19,0.0003992
"189","632478","NORTH TOUTLE HATCHERY",2004,85135,6.38,"GREEN R      26.0323",2005-07-01,38.04,24,0.0004468
"190","633476","NORTH TOUTLE HATCHERY",2005,87510,6.21,"GREEN R      26.0323",2006-07-01,36.52,27,0.0004173
"191","633970","NORTH TOUTLE HATCHERY",2006,90583,7.43,"GREEN R      26.0323",2007-06-21,21.67,12,0.0002392
"192","634386","NORTH TOUTLE HATCHERY",2007,87231,6.38,"GREEN R      26.0323",2008-07-21,209.26,104,0.0023989
"193","634773","NORTH TOUTLE HATCHERY",2008,82351,5.81,"GREEN R      26.0323",2009-07-01,45.4,32,0.0005513
"194","635195","NORTH TOUTLE HATCHERY",2009,86364,6.21,"GREEN R      26.0323",2010-07-02,63.64,52,0.0007369
"195","635595","NORTH TOUTLE HATCHERY",2010,88865,6.23,"GREEN R      26.0323",2011-06-28,89.08,70,0.0010024
"196","636265","NORTH TOUTLE HATCHERY",2011,94955,6.04,"GREEN R      26.0323",2012-07-12,15.17,11,0.0001598
"197","636476","NORTH TOUTLE HATCHERY",2012,93487,6.21,"GREEN R      26.0323",2013-06-25,26,26,0.0002781
"198","636638","NORTH TOUTLE HATCHERY",2013,99996,5.66,"GREEN R      26.0323",2014-07-01,10,10,1e-04
"199","636802","NORTH TOUTLE HATCHERY",2014,96299,6.06,"GREEN R      26.0323",2015-06-02,18,18,0.0001869
"200","636915","NORTH TOUTLE HATCHERY",2015,97687,5.66,"GREEN R      26.0323",2016-06-03,36.53,27,0.0003739
"201","637154","NORTH TOUTLE HATCHERY",2016,101768,5.69,"GREEN R      26.0323",2017-06-12,44.34,37,0.0004357
"202","637262","NORTH TOUTLE HATCHERY",2017,95673,5.66,"GREEN R      26.0323",2018-06-19,73.97,55,0.0007732
"203","637449","NORTH TOUTLE HATCHERY",2018,98548,5.66,"GREEN R      26.0323",2019-06-15,59.02,30,0.0005989
"204","637629","NORTH TOUTLE HATCHERY",2019,96331,5.81,"GREEN R      26.0323",2020-06-28,9.88,8,0.0001026
"205","630877","WASHOUGAL HATCHERY",2000,93274,10.3,"WASHOUGAL R  28.0159",2001-06-06,259.53,152,0.0027824
"206","631415","WASHOUGAL HATCHERY",2001,46429,6.97,"WASHOUGAL R  28.0159",2002-06-13,100.45,82,0.0021635
"207","631417","WASHOUGAL HATCHERY",2001,51728,6.97,"WASHOUGAL R  28.0159",2002-06-13,88.71,70,0.0017149
"208","631543","WASHOUGAL HATCHERY",2002,46106,9.07,"WASHOUGAL R  28.0159",2003-06-04,110.02,82,0.0023862
"209","631544","WASHOUGAL HATCHERY",2002,50782,9.07,"WASHOUGAL R  28.0159",2003-06-04,74.02,57,0.0014576
"210","631567","WASHOUGAL HATCHERY",2003,45219,9.58,"WASHOUGAL R  28.0159",2004-06-10,40.75,34,0.0009012
"211","631996","WASHOUGAL HATCHERY",2003,45884,9.58,"WASHOUGAL R  28.0159",2004-06-10,42.64,33,0.0009293
"212","632475","WASHOUGAL HATCHERY",2004,100265,9.33,"WASHOUGAL R  28.0159",2005-06-10,126.19,100,0.0012586
"213","632883","WASHOUGAL HATCHERY",2005,86099,9.63,"WASHOUGAL R  28.0159",2006-06-16,188.69,162,0.0021915
"214","633976","WASHOUGAL HATCHERY",2006,91753,6.78,"WASHOUGAL R  28.0159",2007-06-18,218.95,170,0.0023863
"215","634369","WASHOUGAL HATCHERY",2007,97672,6.97,"WASHOUGAL R  28.0159",2008-07-01,395.73,299,0.0040516
"216","634385","WASHOUGAL HATCHERY",2008,89558,5.89,"WASHOUGAL R  28.0159",2009-06-16,266.32,198,0.0029737
"217","635193","WASHOUGAL HATCHERY",2009,90863,4.62,"WASHOUGAL R  28.0159",2010-05-28,181.13,143,0.0019934
"218","635588","WASHOUGAL HATCHERY",2010,94848,6.03,"WASHOUGAL R  28.0159",2011-06-28,379.73,302,0.0040036
"219","636195","WASHOUGAL HATCHERY",2011,95377,5.72,"WASHOUGAL R  28.0159",2012-06-27,582.37,461,0.006106
"220","636472","WASHOUGAL HATCHERY",2012,91871,5.65,"WASHOUGAL R  28.0159",2013-06-11,609.68,518,0.0066363
"221","636646","WASHOUGAL HATCHERY",2013,103010,5.59,"WASHOUGAL R  28.0159",2014-06-24,252.16,222,0.0024479
"222","636795","WASHOUGAL HATCHERY",2014,101827,5.59,"WASHOUGAL R  28.0159",2015-06-05,137.27,117,0.0013481
"223","636926","WASHOUGAL HATCHERY",2015,84164,5.53,"WASHOUGAL R  28.0159",2016-06-22,219.24,181,0.0026049
"224","637095","WASHOUGAL HATCHERY",2016,50836,5.59,"WASHOUGAL R  28.0159",2017-06-27,88.96,81,0.0017499
"225","637096","WASHOUGAL HATCHERY",2016,50829,5.59,"WASHOUGAL R  28.0159",2017-06-27,86.46,72,0.001701
"226","637344","WASHOUGAL HATCHERY",2017,103437,5.81,"WASHOUGAL R  28.0159",2018-06-18,158.21,115,0.0015295
"227","637441","WASHOUGAL HATCHERY",2018,104269,5.39,"WASHOUGAL R  28.0159",2019-06-20,280.55,237,0.0026906
"228","637613","WASHOUGAL HATCHERY",2019,99437,5.89,"WASHOUGAL R  28.0159",2020-06-17,193.58,135,0.0019468
